foundation,tax_year,recipient,amount,purpose,city,state,irs_object_id
Charles and Lynn Schusterman Family Foundation,2021,"CHARLES AND LYNN SCHUSTERMAN FAMILY FOUNDATION CHARITABLE CONTRIBUTIONS YEAR END DEC 31, 2021 FEIN 73-1312965 PART XV LIN 3(A) PAYEE LEGAL NAME PAYEE ADDRESS",250000,GENERAL OPERATING WITH ADDITIONAL SUPPORT FOR PROGRAMMING AND SCHOLAR RECRUITMENT,AVE COLLEGE PARK,GA,char500:731312965_2021
Charles and Lynn Schusterman Family Foundation,2021,5 STRONG SCHOLARSHIP FOUNDATION INC,2200,SCHOLARSHIP FUND FOLLOW UP,AVE COLLEGE PARK,GA,char500:731312965_2021
Charles and Lynn Schusterman Family Foundation,2021,92ND STREET Y AKA YOUNG MEN'S & YOUNG WOMEN'S HEBREW ASSOCIATION,2500,GENERAL OPERATING SUPPORT,AVE NEW YORK,NY,char500:731312965_2021
Charles and Lynn Schusterman Family Foundation,2021,"A BETTER CHILDHOOD, INC.",750000,ANONYMOUS,NEW YORK,NY,char500:731312965_2021
Charles and Lynn Schusterman Family Foundation,2021,A POCKET FULL OF HOPE INC,150000,BIG 10 BALLROOM RENOVATION,APACHE ST TULSA,OK,char500:731312965_2021
Charles and Lynn Schusterman Family Foundation,2021,A POCKET FULL OF HOPE INC,15000,GENERAL OPERATING SUPPORT,APACHE ST TULSA,OK,char500:731312965_2021
Charles and Lynn Schusterman Family Foundation,2021,A WIDER BRIDGE,250000,GENERAL OPERATING SUPPORT AND VIRTUAL PROGRAMMING,SAN FRANCISCO,CA,char500:731312965_2021
Charles and Lynn Schusterman Family Foundation,2021,ACCESS REPRODUCTIVE CARE- SOUTHEAST PO BOX 7354 ATLANTA,400000,GENERAL OPERATING SUPPORT,,,char500:731312965_2021
Charles and Lynn Schusterman Family Foundation,2021,ACHIEVEMENT FIRST,500000,CONTINUED SUPPORT FOR ACCELERATE,NEW HAVEN,CT,char500:731312965_2021
Charles and Lynn Schusterman Family Foundation,2021,ACHIEVEMENT NETWORK ONE BEACON STREET BOSTON,3000000,GENERAL OPERATING SUPPORT,,,char500:731312965_2021
Charles and Lynn Schusterman Family Foundation,2021,ACUMEN FUND INC,2500000,PIONEER ENERGY INVESTMENT INITIATIVE (PEII+),NEW YORK,NY,char500:731312965_2021
Charles and Lynn Schusterman Family Foundation,2021,ADA DEVELOPERS ACADEMY,2080000,EQUALITY CAN'T WAIT CHALLENGE - CHANGING THE FACE OF TECH,SEATTLE,WA,char500:731312965_2021
Charles and Lynn Schusterman Family Foundation,2021,ADVOCATES FOR YOUTH,750000,GENERAL OPERATING SUPPORT,WASHINGTON,DC,char500:731312965_2021
Charles and Lynn Schusterman Family Foundation,2021,ALAMEDA COUNTY,300000,OUSD CURRICULUM AND ENGAGEMENT PLAN SUPPORT,OAKLAND,CA,char500:731312965_2021
Charles and Lynn Schusterman Family Foundation,2021,ALAMEDA COUNTY,539,TEACHER ENGAGEMENT MEETING PROJECT,OAKLAND,CA,char500:731312965_2021
Charles and Lynn Schusterman Family Foundation,2021,ALDER GRADUATE SCHOOL OF EDUCATION,530000,EMERGENCY FINANCIAL ASSISTANCE FOR INCOMING RESIDENTS,B REDWOOD CITY,CA,char500:731312965_2021
Charles and Lynn Schusterman Family Foundation,2021,ALDER GRADUATE SCHOOL OF EDUCATION,500000,GENERAL OPERATING SUPPORT,B REDWOOD CITY,CA,char500:731312965_2021
Charles and Lynn Schusterman Family Foundation,2021,ALEPH-ALLIANCE FOR JEWISH RENEWAL PO BOX 35118 PHILADELPHIA,30000,MITSUI COLLECTIVE SUPPORT,,,char500:731312965_2021
Charles and Lynn Schusterman Family Foundation,2021,ALLIANCE COLLEGE-READY PUBLIC SCHOOLS FOUNDATION,75000,ALLIANCE CHOICE FUND,FLOOR LOS ANGELES,CA,char500:731312965_2021
Charles and Lynn Schusterman Family Foundation,2021,ALLIANCE COLLEGE-READY PUBLIC SCHOOLS FOUNDATION,300000,GENERAL OPERATING SUPPORT,FLOOR LOS ANGELES,CA,char500:731312965_2021
Charles and Lynn Schusterman Family Foundation,2021,ALLIANCE OF FAMILIES FOR JUSTICE,100000,GENERAL OPERATING SUPPORT,FLOOR NEW YORK,NY,char500:731312965_2021
Charles and Lynn Schusterman Family Foundation,2021,ALLIED COMMUNITIES OF TULSA INSPIRING OUR NEIGHBORHOODS INC,15000,COMMUNITY ORGANIZING SUPPORT,CONGREGATIONAL CHURCH TULSA,OK,char500:731312965_2021
Charles and Lynn Schusterman Family Foundation,2021,ALLIED COMMUNITIES OF TULSA INSPIRING OUR NEIGHBORHOODS INC,8000,TENANT ASSOCIATION RESEARCH/PLANNING GRANT,CONGREGATIONAL CHURCH TULSA,OK,char500:731312965_2021
Charles and Lynn Schusterman Family Foundation,2021,AMALGAMATED CHARITABLE FOUNDATION INC,1500000,GENERAL OPERATING SUPPORT TO FAMILIES AND WORKERS FUND,ST NW WASHINGTON,DC,char500:731312965_2021
Charles and Lynn Schusterman Family Foundation,2021,AMERICAN INSTITUTES FOR RESEARCH IN THE BEHAVIORAL SCIENCES,100000,CALDER 4.0: SUPPORTING THE SCOPE AND REACH OF A SUCCESSFUL RESEARCH CONSORTIUM,ST. NW WASHINGTON,DC,char500:731312965_2021
Charles and Lynn Schusterman Family Foundation,2021,AMERICAN JEWISH JOINT DISTRIBUTION COMMITTEE INC,415000,GENERAL OPERATING SUPPORT,STREET NEW YORK,NY,char500:731312965_2021
Charles and Lynn Schusterman Family Foundation,2021,AMERICAN JEWISH JOINT DISTRIBUTION COMMITTEE INC,300000,JUNCTION,STREET NEW YORK,NY,char500:731312965_2021
Charles and Lynn Schusterman Family Foundation,2021,AMERICAN JEWISH JOINT DISTRIBUTION COMMITTEE INC,77000,YESOD,STREET NEW YORK,NY,char500:731312965_2021
Charles and Lynn Schusterman Family Foundation,2021,AMERICAN JEWISH WORLD SERVICE INC,1000000,GENERAL OPERATING SUPPORT,NEW YORK,NY,char500:731312965_2021
Charles and Lynn Schusterman Family Foundation,2021,AMPLIFY INC,60000,EL CAMINO IMPLEMENTATION GRANT,TULSA,OK,char500:731312965_2021
Charles and Lynn Schusterman Family Foundation,2021,ARIZONA COMMUNITY FOUNDATION,330000,,,,char500:731312965_2021
Charles and Lynn Schusterman Family Foundation,2021,ARIZOU DBA BASTA,100000,GENERAL OPERATING SUPPORT,F BROOKLYN,NY,char500:731312965_2021
Charles and Lynn Schusterman Family Foundation,2021,ART LOISAIDA FOUNDATION,25000,"FILM ""THEY SURVIVED TOGETHER""",NEW YORK,NY,char500:731312965_2021
Charles and Lynn Schusterman Family Foundation,2021,ARTIS CONTEMPORARY ISRAELI ART FUND INC,100000,ARTIS FUND,FLOOR NEW YORK,NY,char500:731312965_2021
Charles and Lynn Schusterman Family Foundation,2021,ASIAN AMERICANS ADVANCING JUSTICE ATLANTA INC,50000,ASIAN AMERICANS ADVANCING JUSTICE-ATLANTA EMERGENCY SUPPORT,OAKBROOK PARKWAY NORCROSS,GA,char500:731312965_2021
Charles and Lynn Schusterman Family Foundation,2021,ASSOCIATION OF FUNDRAISING PROFESSIONALS OK EASTERN CHAPTER PO BOX 33103,750,GENERAL OPERATING SUPPORT,TULSA,OK,char500:731312965_2021
Charles and Lynn Schusterman Family Foundation,2021,ASSOCIATION OF ISRAEL'S DECORATIVE ARTS,10000,GENERAL OPERATING SUPPORT,A POMPANO BEACH,FL,char500:731312965_2021
Charles and Lynn Schusterman Family Foundation,2021,ASYLUM ARTS INC,100000,ASYLUM ARTS,BROOKLYN,NY,char500:731312965_2021
Charles and Lynn Schusterman Family Foundation,2021,"AT THE WELL PROJECT, INC.",200000,GENERAL OPERATING SUPPORT,ST NW WASHINGTON,DC,char500:731312965_2021
Charles and Lynn Schusterman Family Foundation,2021,"AUBIN PICTURES, INC. PO BOX 214",100000,GENERAL OPERATING SUPPORT,NEW YORK,NY,char500:731312965_2021
Charles and Lynn Schusterman Family Foundation,2021,AUBURN THEOLOGICAL SEMINARY,10000,CHAMPION SPONSORSHIP FOR LIVES OF COMMITMENT 2021 IN HONOR OF BARBARA DOBKIN,NEW YORK,NY,char500:731312965_2021
Charles and Lynn Schusterman Family Foundation,2021,AUSTIN JUSTICE COALITION,125000,GENERAL OPERATING SUPPORT,STREET AUSTIN,TX,char500:731312965_2021
Charles and Lynn Schusterman Family Foundation,2021,AVODAH: THE JEWISH SERVICE CORPS,400000,AVODAH STRATEGIC GROWTH,B NEW YORK,NY,char500:731312965_2021
Charles and Lynn Schusterman Family Foundation,2021,AVODAH: THE JEWISH SERVICE CORPS,400000,BRIDGE GRANT FOR MAINTAINING WORK AND DEVELOPING NEW WORK IN RESPONSE TO COVID AND RACIAL INJUSTICE,B NEW YORK,NY,char500:731312965_2021
Charles and Lynn Schusterman Family Foundation,2021,BAY AREA HYBRID COLLEGE INITIATIVE,175000,RIVET SCHOOL: SUPPORT FOR EXPANSION OF EDUCATOR PATHWAY,MACDONALD AVE RICHMOND,CA,char500:731312965_2021
Charles and Lynn Schusterman Family Foundation,2021,BBYO,100000,BRINGING TO LIFE A GLOBAL MOVEMENT OF JEWISH TEENS,STREET NW WASHINGTON,DC,char500:731312965_2021
Charles and Lynn Schusterman Family Foundation,2021,BBYO,100000,CAPACITY BUILDING PROJECT,STREET NW WASHINGTON,DC,char500:731312965_2021
Charles and Lynn Schusterman Family Foundation,2021,BBYO,3000000,GENERAL OPERATING SUPPORT,STREET NW WASHINGTON,DC,char500:731312965_2021
Charles and Lynn Schusterman Family Foundation,2021,BBYO,25200,GRANTEE CARE AND SUPPORT FUND,STREET NW WASHINGTON,DC,char500:731312965_2021
Charles and Lynn Schusterman Family Foundation,2021,BBYO,250000,ISRAEL REFRESH - ILSI,STREET NW WASHINGTON,DC,char500:731312965_2021
Charles and Lynn Schusterman Family Foundation,2021,BELLWETHER EDUCATION PARTNERS INC,250000,SUMMER LEARNING: NSSI,SUDBURY,MA,char500:731312965_2021
Charles and Lynn Schusterman Family Foundation,2021,BELLXCEL DBA THE B.E.L.L. FOUNDATION INC,500000,SUMMER LEARNING | BELLXCEL SUMMER PROGRAMMING,A WESTWOOD,MA,char500:731312965_2021
Charles and Lynn Schusterman Family Foundation,2021,BEND THE ARC: A JEWISH PARTNERSHIP FOR JUSTICE,50000,"BUILDING THE NEXT GENERATION OF REFLECTIVE, VALUES-DRIVEN JEWISH LEADERSHIP",FLOOR NEW YORK,NY,char500:731312965_2021
Charles and Lynn Schusterman Family Foundation,2021,"BEYOND 12 EDUCATION, INC",250000,STRATEGIC PLANNING PROCESS,CLAY STREET OAKLAND,CA,char500:731312965_2021
Charles and Lynn Schusterman Family Foundation,2021,BIRTHRIGHT ISRAEL FOUNDATION,500000,BIRTHRIGHT EXCEL,FLOOR NEW YORK,NY,char500:731312965_2021
Charles and Lynn Schusterman Family Foundation,2021,BIRTHRIGHT ISRAEL FOUNDATION,19620,GRANTEE CARE AND SUPPORT FUND,FLOOR NEW YORK,NY,char500:731312965_2021
Charles and Lynn Schusterman Family Foundation,2021,BIRTHRIGHT ISRAEL FOUNDATION,37500,IBP COLLABORATION GRANT: BIRTHRIGHT EXCEL/ITC TECH COURSES,FLOOR NEW YORK,NY,char500:731312965_2021
Charles and Lynn Schusterman Family Foundation,2021,BLUE MERIDIAN PARTNERS INC,25046000,GENERAL OPERATING SUPPORT,FLOOR NEW YORK,NY,char500:731312965_2021
Charles and Lynn Schusterman Family Foundation,2021,BLUE MERIDIAN PARTNERS INC,8541908,JUSTICE AND MOBILITY FUND,FLOOR NEW YORK,NY,char500:731312965_2021
Charles and Lynn Schusterman Family Foundation,2021,BOGGS EDUCATIONAL CENTER PROJECT TEAM,27000,SUMMER LEARNING,GOETHE ST. DETROIT,MI,char500:731312965_2021
Charles and Lynn Schusterman Family Foundation,2021,BOOKER T. WASHINGTON FOUNDATION FOR EXCELLENCE PO BOX 52663 TULSA,3000,GENERAL OPERATING SUPPORT,,,char500:731312965_2021
Charles and Lynn Schusterman Family Foundation,2021,BOREALIS PHILANTHROPY PO BOX 3295,500000,PROJECT SUPPORT TO THE SPARK JUSTICE FUND AND THE COMMUNITIES TRANSFORMING POLICING FUND,MINNEAPOLIS,MN,char500:731312965_2021
Charles and Lynn Schusterman Family Foundation,2021,BOSTON MEDICAL CENTER CORPORATION,100000,CHILDREN'S HEALTHWATCH,CENTER PLACE BOSTON,MA,char500:731312965_2021
Charles and Lynn Schusterman Family Foundation,2021,BOUNDLESS ISRAEL INC,150000,ISRAEL EDUCATION INITIATIVE,WARREN ST. WALTHAM,MA,char500:731312965_2021
Charles and Lynn Schusterman Family Foundation,2021,"BOYS & GIRLS CLUBS OF GREATER WASHINGTON, INC.",120000,SUMMER LEARNING: BGCGW SUMMER DIGITAL AND ACADEMIC LEARNING PLAN,ROAD NE WASHINGTON,DC,char500:731312965_2021
Charles and Lynn Schusterman Family Foundation,2021,BRANDEIS HILLEL DAY SCHOOL - MARIN,5000,VIRTUAL SPRING SIMCHA,RD SAN RAFAEL,CA,char500:731312965_2021
Charles and Lynn Schusterman Family Foundation,2021,"BRAVEN, INC.",325000,GENERAL OPERATING SUPPORT,SALLE STREET CHICAGO,IL,char500:731312965_2021
Charles and Lynn Schusterman Family Foundation,2021,BREAKTHROUGH COLLABORATIVE PO BOX 71420,250000,GENERAL OPERATING SUPPORT,OAKLAND,CA,char500:731312965_2021
Charles and Lynn Schusterman Family Foundation,2021,BREAKTHROUGH COLLABORATIVE PO BOX 71420,20000,PROMISE54 DEI ACCELERATOR PARTICIPATION,OAKLAND,CA,char500:731312965_2021
Charles and Lynn Schusterman Family Foundation,2021,BROKEN ARROW PUBLIC SCHOOLS FOUNDATION INC PO BOX 2695,38530,STEM SUPPORT,BROKEN ARROW,OK,char500:731312965_2021
Charles and Lynn Schusterman Family Foundation,2021,BROOKINGS INSTITUTION,140000,GENERAL OPERATING SUPPORT TO HAMILTON PROJECT,AVENUE NW WASHINGTON,DC,char500:731312965_2021
Charles and Lynn Schusterman Family Foundation,2021,BROTHERS EMPOWERED TO TEACH INITIATIVE,250000,GENERAL OPERATING SUPPORT,NEW ORLEANS,LA,char500:731312965_2021
Charles and Lynn Schusterman Family Foundation,2021,BROWN UNIVERSITY OF PROVIDENCE,575372,ANNENBERG INSTITUTE: EARLY LITERACY TUTORING EFFORTS,ANGELL ST PROVIDENCE,RI,char500:731312965_2021
Charles and Lynn Schusterman Family Foundation,2021,BROWN UNIVERSITY OF PROVIDENCE,300000,"NATIONAL STUDENT SUPPORT ACCELERATOR: ENABLING SCALE IN HIGH-IMPACT TUTORING, PHASE ONE",ANGELL ST PROVIDENCE,RI,char500:731312965_2021
Charles and Lynn Schusterman Family Foundation,2021,BROWN UNIVERSITY OF PROVIDENCE,51500,"RESEARCH PARTNERSHIP FOR PROFESSIONAL LEARNING (RPPL), FOCUSED ON CREATING R&D INFRASTRUCTURE: A PLANNING GRANT REQUEST",ANGELL ST PROVIDENCE,RI,char500:731312965_2021
Charles and Lynn Schusterman Family Foundation,2021,CALIFORNIA COMMUNITY FOUNDATION,350000,SUMMER LEARNING: CCF SUMMER LEARNING INITIATIVE,ST. LOS ANGELES,CA,char500:731312965_2021
Charles and Lynn Schusterman Family Foundation,2021,CALIFORNIA STATE UNIVERSITY FOUNDATION,555500,SCHOLARSHIPS FOR ASPIRING BLACK EDUCATORS,SHORE LONG BEACH,CA,char500:731312965_2021
Charles and Lynn Schusterman Family Foundation,2021,CAMBIAR EDUCATION,500000,INCUBATING KOCKLER ELA PROJECT,SAN DIEGO,CA,char500:731312965_2021
Charles and Lynn Schusterman Family Foundation,2021,CAMBIAR EDUCATION,75000,POST-SECONDARY ACCESS AND SUCCESS INITIATIVE,SAN DIEGO,CA,char500:731312965_2021
Charles and Lynn Schusterman Family Foundation,2021,CAMELBACK VENTURES INC,300000,GENERAL OPERATING SUPPORT,BLVD NEW ORLEANS,LA,char500:731312965_2021
Charles and Lynn Schusterman Family Foundation,2021,CAMELBACK VENTURES INC,30000,PROJECT SUPPORT FOR THE ROOTED COLLABORATIVE,BLVD NEW ORLEANS,LA,char500:731312965_2021
Charles and Lynn Schusterman Family Foundation,2021,CAMP FIRE GREEN COUNTRY INC,50000,LGBTQ YOUTH PROGRAMMING SUPPORT,BOSTON AVE TULSA,OK,char500:731312965_2021
Charles and Lynn Schusterman Family Foundation,2021,CANDID,25000,GENERAL OPERATING SUPPORT,SLIP NEW YORK,NY,char500:731312965_2021
Charles and Lynn Schusterman Family Foundation,2021,CAROLINA ABORTION FUND PO BOX 51534,150000,GENERAL OPERATING SUPPORT,DURHAM,NC,char500:731312965_2021
Charles and Lynn Schusterman Family Foundation,2021,CATHOLIC CHARITIES OF EASTERN OKLAHOMA INC,26633,ADULT EDUCATION COMPUTER LAB UPGRADE,HARVARD AVENUE TULSA,OK,char500:731312965_2021
Charles and Lynn Schusterman Family Foundation,2021,CATHOLICS FOR CHOICE,150000,GENERAL OPERATING SUPPORT,WASHINGTON,DC,char500:731312965_2021
Charles and Lynn Schusterman Family Foundation,2021,"CHARITY, TYPE 1 CENTER FOR INDIVIDUALS WITH PHYSICAL CHALLENGES LTD",5000,GENERAL OPERATING SUPPORT,UTICA AVE TULSA,OK,char500:731312965_2021
Charles and Lynn Schusterman Family Foundation,2021,CENTER FOR INTERCULTURAL ORGANIZING DBA UNITE OREGON,31580,GENERAL OPERATING SUPPORT,ND AVE PORTLAND,OR,char500:731312965_2021
Charles and Lynn Schusterman Family Foundation,2021,CENTER FOR REPRODUCTIVE RIGHTS INC,400000,PROJECT SUPPORT FOR U.S. PROGRAM,NEW YORK,NY,char500:731312965_2021
Charles and Lynn Schusterman Family Foundation,2021,CENTER ON BUDGET AND POLICY PRIORITIES,1000000,GENERAL OPERATING SUPPORT,WASHINGTON,DC,char500:731312965_2021
Charles and Lynn Schusterman Family Foundation,2021,CHALKBEAT INC,150000,,,,char500:731312965_2021
Charles and Lynn Schusterman Family Foundation,2021,CHALKBEAT INC,75000,,,,char500:731312965_2021
Charles and Lynn Schusterman Family Foundation,2021,CHALLAH FOR HUNGER,190000,GENERAL OPERATING SUPPORT,WYNNEWOOD,PA,char500:731312965_2021
Charles and Lynn Schusterman Family Foundation,2021,CHAMBER MUSIC TULSA INC,10000,ANY GIVEN CHILD,LEWIS AVENUE TULSA,OK,char500:731312965_2021
Charles and Lynn Schusterman Family Foundation,2021,CHARTER FUND INC,333333,EMERGING CMO FUND,TH AVE BROOMFIELD,CO,char500:731312965_2021
Charles and Lynn Schusterman Family Foundation,2021,"CHILD ABUSE NETWORK, INC.",90000,FAMILY ADVOCACY PROGRAMMING AND INTERVIEW SPACE RENOVATION,SHERIDAN RD TULSA,OK,char500:731312965_2021
Charles and Lynn Schusterman Family Foundation,2021,CHOREGUS PRODUCTIONS INC,35000,,,,char500:731312965_2021
Charles and Lynn Schusterman Family Foundation,2021,CIRCLE CINEMA FOUNDATION INC,7500,GENERAL OPERATING SUPPORT,LEWIS AVE TULSA,OK,char500:731312965_2021
Charles and Lynn Schusterman Family Foundation,2021,"CITY KIDS TO WILDERNESS PROJECT, INC.",100000,SUMMER LEARNING GRANT,STREET NW WASHINGTON,DC,char500:731312965_2021
Charles and Lynn Schusterman Family Foundation,2021,"CITY YEAR, INC.",350000,GENERAL OPERATING SUPPORT,TULSA,OK,char500:731312965_2021
Charles and Lynn Schusterman Family Foundation,2021,CIVIC NATION,150000,EMERGENCY SUPPORT FOR THE UNITED STATE OF WOMEN,WASHINGTON,DC,char500:731312965_2021
Charles and Lynn Schusterman Family Foundation,2021,CIVIL RIGHTS CORPS,500000,GENERAL OPERATING SUPPORT,AVE. NW WASHINGTON,DC,char500:731312965_2021
Charles and Lynn Schusterman Family Foundation,2021,CLIMB HIRE INC,250000,ADDITIONAL SUPPORT FOR PROGRAM EXPANSION,BOYNTON AVENUE BERKELEY,CA,char500:731312965_2021
Charles and Lynn Schusterman Family Foundation,2021,CLIMB HIRE INC,250000,GENERAL OPERATING SUPPORT,BOYNTON AVENUE BERKELEY,CA,char500:731312965_2021
Charles and Lynn Schusterman Family Foundation,2021,CLINIC ACCESS SUPPORT NETWORK,150000,GENERAL OPERATING SUPPORT,SPRINGS RD DALLAS,TX,char500:731312965_2021
Charles and Lynn Schusterman Family Foundation,2021,COLLEGE BOUND ACADEMY INC.,10000,PROJECT LEAD THE WAY AND EXECUTIVE COACHING,EAST AVE TULSA,OK,char500:731312965_2021
Charles and Lynn Schusterman Family Foundation,2021,COLLEGIATE HALL INC,130000,GENERAL OPERATING SUPPORT,TH PL. TULSA,OK,char500:731312965_2021
Charles and Lynn Schusterman Family Foundation,2021,COMMIT2DALLAS DBA THE COMMIT PARTNERSHIP,1000000,GENERAL OPERATING SUPPORT,DALLAS,TX,char500:731312965_2021
Charles and Lynn Schusterman Family Foundation,2021,COMMUNITIES FOUNDATION OF OKLAHOMA INC PO BOX 21210,177000,TULSA ENGINEERING SCHOLARSHIP,OKLAHOMA CITY,OK,char500:731312965_2021
Charles and Lynn Schusterman Family Foundation,2021,COMMUNITY ACTION PROJECT OF TULSA COUNTY INC,250000,FAMILY ADVANCEMENT SERVICES,TULSA,OK,char500:731312965_2021
Charles and Lynn Schusterman Family Foundation,2021,COMMUNITY FOUNDATION OF NEW JERSEY PO BOX 33835 KNOX HILL RD,1000000,EMERGENCY SUPPORT: JERSEY PANDEMIC RELIEF FUND TO SUPPORT UNDOCUMENTED NJ RESIDENTS MATCHING GRANT,MORRISTOWN,NJ,char500:731312965_2021
Charles and Lynn Schusterman Family Foundation,2021,COMMUNITY FOUNDATION OF NORTHEAST IOWA,100000,THE FREEDOM SCHOOL PROJECT,CIRCLE CEDAR FALLS,IA,char500:731312965_2021
Charles and Lynn Schusterman Family Foundation,2021,COMMUNITY INITIATIVES,100000,MENTAL HEALTH FIRST AID TRAINING,SAN FRANCISCO,CA,char500:731312965_2021
Charles and Lynn Schusterman Family Foundation,2021,COMMUNITY INITIATIVES,6600,RESILIENCY ROUNDTABLE & MENTAL HEALTH CONSULTANCY,SAN FRANCISCO,CA,char500:731312965_2021
Charles and Lynn Schusterman Family Foundation,2021,"COMPUTER SCIENCE TEACHERS ASSOCIATION, LLC",5000,GENERAL OPERATING SUPPORT,MONTEREY AVENUE CHICAGO,IL,char500:731312965_2021
Charles and Lynn Schusterman Family Foundation,2021,"COUNCIL OF CHIEF STATE SCHOOL OFFICERS ONE MASSACHUSETTS AVE NW, SUITE",250000,,,,char500:731312965_2021
Charles and Lynn Schusterman Family Foundation,2021,"COUNCIL OF CHIEF STATE SCHOOL OFFICERS ONE MASSACHUSETTS AVE NW, SUITE",1000000,,,,char500:731312965_2021
Charles and Lynn Schusterman Family Foundation,2021,COUNCIL OF THE GREAT CITY SCHOOLS,300000,STUDY ON HOW DISTRICTS USE THEIR FEDERAL MONEY DURING THE PANDEMIC,N WASHINGTON,DC,char500:731312965_2021
Charles and Lynn Schusterman Family Foundation,2021,"COUNCIL ON CRIMINAL JUSTICE, INC.",75000,PROJECT SUPPORT TO EXPANDING MEDICAID FOR THE INCARCERATED,AVE SE WASHINGTON,DC,char500:731312965_2021
Charles and Lynn Schusterman Family Foundation,2021,COUNCIL ON FOUNDATIONS INC PO BOX 75661,35000,GENERAL OPERATING SUPPORT,BALTIMORE,MD,char500:731312965_2021
Charles and Lynn Schusterman Family Foundation,2021,"CUSTOM AND CRAFT JEWISH RITUALS, INC.",500000,DIY JEWISH NETWORK (JCRIF RESET),E JERSEY CITY,NJ,char500:731312965_2021
Charles and Lynn Schusterman Family Foundation,2021,CYSTIC FIBROSIS FOUNDATION,5000,GENERAL OPERATING SUPPORT,TULSA,OK,char500:731312965_2021
Charles and Lynn Schusterman Family Foundation,2021,DANIELSON GROUP INC,20000,DEI ACCELERATOR PARTICIPATION,DIVISION STREET CHICAGO,IL,char500:731312965_2021
Charles and Lynn Schusterman Family Foundation,2021,DANIELSON GROUP INC,380000,REVISING THE FRAMEWORK FOR TEACHING AND FRAMEWORK FOR TEACHING CLUSTERS - PHASE II,DIVISION STREET CHICAGO,IL,char500:731312965_2021
Charles and Lynn Schusterman Family Foundation,2021,DARIM ONLINE,80000,JEWISH COMMUNITY RESPONSE AND IMPACT FUND ALIGNED GRANT PROGRAM,AVE N SEATTLE,WA,char500:731312965_2021
Charles and Lynn Schusterman Family Foundation,2021,DC JUSTICE LAB PO BOX 90048 WASHINGTON,100000,GENERAL OPERATING SUPPORT,,,char500:731312965_2021
Charles and Lynn Schusterman Family Foundation,2021,DEANS FOR IMPACT,250000,GENERAL OPERATING SUPPORT,AUSTIN,TX,char500:731312965_2021
Charles and Lynn Schusterman Family Foundation,2021,DEMOCRACY PREP PUBLIC SCHOOLS,400000,GENERAL OPERATING SUPPORT,NEW YORK CITY,NY,char500:731312965_2021
Charles and Lynn Schusterman Family Foundation,2021,DESIGNING JUSTICE & DESIGNING SPACES,500000,GENERAL OPERATING SUPPORT,BROADWAY OAKLAND,CA,char500:731312965_2021
Charles and Lynn Schusterman Family Foundation,2021,DISTRICT SCHOOL BOARD OF PASCO COUNTY,864,EDUCATOR ENGAGEMENT MEETINGS,BLVD LAND O'LAKES,FL,char500:731312965_2021
Charles and Lynn Schusterman Family Foundation,2021,DISTRICT SCHOOL BOARD OF PASCO COUNTY,589324,PASCO GRANT FOR PHASE 1,BLVD LAND O'LAKES,FL,char500:731312965_2021
Charles and Lynn Schusterman Family Foundation,2021,"DIVERSE CHARTER SCHOOLS COALITION, INC",13000,SUMMER LEARNING 2021 | UNBOUND STOCKTON'S SUMMER LITERACY AND LEARNING CAMP,FLOOR NEW YORK,NY,char500:731312965_2021
Charles and Lynn Schusterman Family Foundation,2021,"DIVERSITY TALKS PD, INC",150000,SUMMER LEARNING GRANT,PROVIDENCE,RI,char500:731312965_2021
Charles and Lynn Schusterman Family Foundation,2021,DJCC DEVELOPMENT CORPORATION,100000,GENERATIONS CAMPAIGN: AUSTIN JCC EXPANSION,HART LANE AUSTIN,TX,char500:731312965_2021
Charles and Lynn Schusterman Family Foundation,2021,DOMESTIC VIOLENCE INTERVENTION SERVICES INC,60000,PHASE II OF DEI WORK,APACHE ST TULSA,OK,char500:731312965_2021
Charles and Lynn Schusterman Family Foundation,2021,DONORSCHOOSE.ORG,60000,MATCH CAMPAIGN,FLOOR NEW YORK,NY,char500:731312965_2021
Charles and Lynn Schusterman Family Foundation,2021,DOROTHY K. AND MYER S. KRIPKE INSTITUTE FOR JEWISH FAMILY LITERACY,25000,JCRIF SUPPORT FOR RON WOLFSON'S HOMECOMING PROJECT,DENSMORE AVENUE ENCINO,CA,char500:731312965_2021
Charles and Lynn Schusterman Family Foundation,2021,DRUG POLICY ALLIANCE,487562,GENERAL OPERATING SUPPORT,STREET NEW YORK,NY,char500:731312965_2021
Charles and Lynn Schusterman Family Foundation,2021,DUKE UNIVERSITY ALUMNI & DEVELOPMENT RECORDS BOX,250000,DUKE PROSECUTOR RESEARCH PROJECT,DURHAM,NC,char500:731312965_2021
Charles and Lynn Schusterman Family Foundation,2021,ECONOMIC POLICY INSTITUTE,250000,GENERAL OPERATING SUPPORT,EYE STREET WASHINGTON,DC,char500:731312965_2021
Charles and Lynn Schusterman Family Foundation,2021,ECONOMIC SECURITY PROJECT INC,500000,CHILD TAX CREDIT AD CAMPAIGN,STREET NEW YORK,NY,char500:731312965_2021
Charles and Lynn Schusterman Family Foundation,2021,ECUMENICAL COALITION FOR WOMEN AND FAMILIES PO BOX 698,150000,GENERAL OPERATING SUPPORT,BILOXI,MS,char500:731312965_2021
Charles and Lynn Schusterman Family Foundation,2021,"CHARITY, TYPE 1 EDREPORTS.ORG INC PO BOX 51099",1200000,GENERAL OPERATING SUPPORT,DURHAM,NC,char500:731312965_2021
Charles and Lynn Schusterman Family Foundation,2021,EDUCATE78,15000,FREEDOM LITERACY FUND,BROADWAY OAKLAND,CA,char500:731312965_2021
Charles and Lynn Schusterman Family Foundation,2021,EDUCATION LEADERS OF COLOR INC,1000000,BOULDER FUND SUPPORT,LOS ANGELES,CA,char500:731312965_2021
Charles and Lynn Schusterman Family Foundation,2021,EDUCATION LEADERS OF COLOR INC,200000,CULTURALLY RESPONSIVE SOCIAL STUDIES NETWORK,LOS ANGELES,CA,char500:731312965_2021
Charles and Lynn Schusterman Family Foundation,2021,EDUCATION LEADERS OF COLOR INC,350000,GENERAL OPERATING SUPPORT,LOS ANGELES,CA,char500:731312965_2021
Charles and Lynn Schusterman Family Foundation,2021,EDUCATION LEADERS OF COLOR INC,350000,RECONSTRUCTION SCHOLARSHIP FUND FOR OUSD,LOS ANGELES,CA,char500:731312965_2021
Charles and Lynn Schusterman Family Foundation,2021,EDUCATION PIONEERS INC,550000,GENERAL OPERATING SUPPORT,ND FLOOR BOSTON,MA,char500:731312965_2021
Charles and Lynn Schusterman Family Foundation,2021,EDUCATION PIONEERS INC,500000,SCHOOL SYSTEMS COVID-RESPONSE FELLOWSHIP,ND FLOOR BOSTON,MA,char500:731312965_2021
Charles and Lynn Schusterman Family Foundation,2021,EDUCATION RESOURCE STRATEGIES INC,1750000,GENERAL OPERATING SUPPORT,PLEASANT STREET WATERTOWN,MA,char500:731312965_2021
Charles and Lynn Schusterman Family Foundation,2021,EDUCATION TRUST INC.,724301,GENERAL OPERATING SUPPORT,WASHINGTON,DC,char500:731312965_2021
Charles and Lynn Schusterman Family Foundation,2021,EDUCATIONAL ALLIANCE INC,5000,WE THE PEOPLE BALL,BROADWAY NEW YORK,NY,char500:731312965_2021
Charles and Lynn Schusterman Family Foundation,2021,EDUCATORS FOR EXCELLENCE,550000,GENERAL OPERATING SUPPORT,NEW YORK,NY,char500:731312965_2021
Charles and Lynn Schusterman Family Foundation,2021,"EL EDUCATION, INC.",600000,ENGLISH LANGUAGE DEVELOPMENT (ELD) CURRICULUM - PRODUCT DEVELOPMENT,FLOOR NEW YORK,NY,char500:731312965_2021
Charles and Lynn Schusterman Family Foundation,2021,EMERGENCY INFANT SERVICES,40000,GENERAL OPERATING SUPPORT,DENVER AVE TULSA,OK,char500:731312965_2021
Charles and Lynn Schusterman Family Foundation,2021,EMERGENCY INFANT SERVICES,17834,JUNIOR BOARD EVENT MATCHING GRANT,DENVER AVE TULSA,OK,char500:731312965_2021
Charles and Lynn Schusterman Family Foundation,2021,ENCOUNTER PROGRAMS INC,50000,LEVERAGING INVESTMENT IN THE ENCOUNTER NETWORK FOR GREATER IMPACT,NEW YORK,NY,char500:731312965_2021
Charles and Lynn Schusterman Family Foundation,2021,"ENTERPRISE COMMUNITY PARTNERS, INC.",10000000,THE EQUITABLE PATH FORWARD INITIATIVE,CORPORATE CENTER COLUMBIA,MD,char500:731312965_2021
Charles and Lynn Schusterman Family Foundation,2021,ENVISION EXCELLENCE IN STEM EDUCATION,50000,STEM LEARNING ECOSYSTEMS INITIATIVE,RD CLEVELAND HEIGHTS,OH,char500:731312965_2021
Charles and Lynn Schusterman Family Foundation,2021,EQUAL OPPORTUNITY SCHOOLS,51000,AP COMPUTER SCIENCE EXPANSION,NICKERSON STREET SEATTLE,WA,char500:731312965_2021
Charles and Lynn Schusterman Family Foundation,2021,FAB LAB TULSA INC,50000,CAPITAL CAMPAIGN,LEWIS AVE TULSA,OK,char500:731312965_2021
Charles and Lynn Schusterman Family Foundation,2021,FAB LAB TULSA INC,15000,GENERAL OPERATING SUPPORT,LEWIS AVE TULSA,OK,char500:731312965_2021
Charles and Lynn Schusterman Family Foundation,2021,FAITH IN PUBLIC LIFE INC PO BOX 33668 WASHINGTON,250000,WOMEN OF FAITH PROJECT SUPPORT,,,char500:731312965_2021
Charles and Lynn Schusterman Family Foundation,2021,FAMILY & CHILDREN'S SERVICES INC,175000,ADDITIONAL PROGRAM STAFF FOR F&CS WIR (WOMEN IN RECOVERY),TULSA,OK,char500:731312965_2021
Charles and Lynn Schusterman Family Foundation,2021,FAMILY & CHILDREN'S SERVICES INC,40000,GENERAL OPERATING SUPPORT,TULSA,OK,char500:731312965_2021
Charles and Lynn Schusterman Family Foundation,2021,FAMILY & CHILDREN'S SERVICES INC,255000,WOMEN’S JUSTICE TEAM (WJT) PROGRAMS AND PHYSICAL LOCATION,TULSA,OK,char500:731312965_2021
Charles and Lynn Schusterman Family Foundation,2021,FAMILY ENGAGEMENT LAB,150000,GENERAL OPERATING SUPPORT,STREET SAN FRANCISCO,CA,char500:731312965_2021
Charles and Lynn Schusterman Family Foundation,2021,FAMILY SAFETY CENTER,50000,GENERAL OPERATING SUPPORT,CIVIC CENTER TULSA,OK,char500:731312965_2021
Charles and Lynn Schusterman Family Foundation,2021,FAMILY VALUES AT WORK A MULTI-STATE CONSORTIUM,250000,GENERAL OPERATING SUPPORT,MILWAUKEE,WI,char500:731312965_2021
Charles and Lynn Schusterman Family Foundation,2021,FELLOWSHIP BMEC INC,50000,CULTURALLY RESPONSIVE PRACTICES - ELEARNING SERIES.,LANE ELKINS PARK,PA,char500:731312965_2021
Charles and Lynn Schusterman Family Foundation,2021,FELLOWSHIP BMEC INC,200000,SUMMER LEARNING GRANT,LANE ELKINS PARK,PA,char500:731312965_2021
Charles and Lynn Schusterman Family Foundation,2021,FISTULA FOUNDATION,92750,GENERAL OPERATING SUPPORT,SAN JOSE,CA,char500:731312965_2021
Charles and Lynn Schusterman Family Foundation,2021,FJC - A FOUNDATION OF DONOR ADVISED FUNDS,30426,JEWISH COMMUNITY IMPACT FUND,NEW YORK,NY,char500:731312965_2021
Charles and Lynn Schusterman Family Foundation,2021,FLINT JEWISH FEDERATION,15000,YOM HAATZMAUT SPECIAL,BRISTOL ROAD FLINT,MI,char500:731312965_2021
Charles and Lynn Schusterman Family Foundation,2021,"FLORIDA INTERNATIONAL UNIVERSITY GREEN SCHOOL OF INTERNATIONAL PUBLIC AFFAIRS, 11200 SW 8TH STREET, MARC",380000,PROSECUTOR PERFORMANCE INDICATORS PROJECT,MIAMI,FL,char500:731312965_2021
Charles and Lynn Schusterman Family Foundation,2021,FOOTSTEPS INC,335000,GENERAL OPERATING SUPPORT,NEW YORK,NY,char500:731312965_2021
Charles and Lynn Schusterman Family Foundation,2021,FOR THE PEOPLE,625000,GENERAL OPERATING SUPPORT,OAKLAND,CA,char500:731312965_2021
Charles and Lynn Schusterman Family Foundation,2021,FORT LEWIS COLLEGE FOUNDATION,103264,CAREER PATHWAYS TO PROMOTE TRIBAL NATION BUILDING,RIM DR DURANGO,CO,char500:731312965_2021
Charles and Lynn Schusterman Family Foundation,2021,FORWARD IMPACT,150000,PROJECT SUPPORT FOR THE REPRESENT JUSTICE AMBASSADOR PROGRAM,STREET LOS ANGELES,CA,char500:731312965_2021
Charles and Lynn Schusterman Family Foundation,2021,FORWARD TOGETHER,500000,GENERAL OPERATING SUPPORT,OAKLAND,CA,char500:731312965_2021
Charles and Lynn Schusterman Family Foundation,2021,FOUNDATION FOR JEWISH CAMP INC,250000,GENERAL OPERATING SUPPORT,NEW YORK,NY,char500:731312965_2021
Charles and Lynn Schusterman Family Foundation,2021,FOUNDATION FOR JEWISH CAMP INC,6120,GRANTEE CARE AND SUPPORT FUND,NEW YORK,NY,char500:731312965_2021
Charles and Lynn Schusterman Family Foundation,2021,FOUNDATION FOR JEWISH CAMP INC,250000,JEWISH COMMUNITY FUND IMPACT PROGRAM | SUMMER 2021 CAMP CAPACITY EXPANSION,NEW YORK,NY,char500:731312965_2021
Charles and Lynn Schusterman Family Foundation,2021,FOUNDATION FOR THE DEFENSE OF DEMOCRACIES INC,50000,GENERAL OPERATING SUPPORT,S WASHINGTON,DC,char500:731312965_2021
Charles and Lynn Schusterman Family Foundation,2021,FOUNDATION FOR TULSA SCHOOLS,1764000,DESTINATION EXCELLENCE,TULSA,OK,char500:731312965_2021
Charles and Lynn Schusterman Family Foundation,2021,FOUNDATION FOR TULSA SCHOOLS,600,EAST CENTRAL HIGH SCHOOL GARDEN CLUB PROJECT,TULSA,OK,char500:731312965_2021
Charles and Lynn Schusterman Family Foundation,2021,FOUNDATION FOR TULSA SCHOOLS,100000,GENERAL OPERATING SUPPORT,TULSA,OK,char500:731312965_2021
Charles and Lynn Schusterman Family Foundation,2021,FOUNDATION FOR TULSA SCHOOLS,49980,GRANT MANAGEMENT SUPPORT,TULSA,OK,char500:731312965_2021
Charles and Lynn Schusterman Family Foundation,2021,FOUNDATION FOR TULSA SCHOOLS,1700000,INSTRUCTIONAL QUALITY AND STRATEGIC INITIATIVES SUPPORT,TULSA,OK,char500:731312965_2021
Charles and Lynn Schusterman Family Foundation,2021,FREEFROM,832000,EQUALITY CAN'T WAIT CHALLENGE - A CALL TO ACTION: HOLDING SOCIETY ACCOUNTABLE FOR INTIMATE PARTNER VIOLENCE,LOS ANGELES,CA,char500:731312965_2021
Charles and Lynn Schusterman Family Foundation,2021,FRESH AIR FUND,100000,SUMMER LEARNING 2021: THE FRESH AIR FUND SUMMER TEEN ACADEMY,FLOOR NEW YORK,NY,char500:731312965_2021
Charles and Lynn Schusterman Family Foundation,2021,FRONTIER MEDIA GROUP,5000,GENERAL OPERATING SUPPORT,CAMERON STREET TULSA,OK,char500:731312965_2021
Charles and Lynn Schusterman Family Foundation,2021,FUND FOR EDUCATIONAL EXCELLENCE INC,750000,EMERGENCY SUPPORT FOR COVID,BALTIMORE,MD,char500:731312965_2021
Charles and Lynn Schusterman Family Foundation,2021,FUND TEXAS CHOICE,200000,GENERAL OPERATING SUPPORT,AUSTIN,TX,char500:731312965_2021
Charles and Lynn Schusterman Family Foundation,2021,FUNDACION TZEDAKA USA INC,18000,EMERGENCY SUPPORT TO FUNDACION TZEDAKA URUGUAY,AVENUE NEW YORK,NY,char500:731312965_2021
Charles and Lynn Schusterman Family Foundation,2021,FUNDERS FOR REPRODUCTIVE EQUITY INC PO BOX 750,105000,GENERAL OPERATING SUPPORT,ROCKVILLE,MD,char500:731312965_2021
Charles and Lynn Schusterman Family Foundation,2021,FUSION PARTNERSHIPS INC,35000,BALTIMORE ALGEBRA PROJECT - VIRTUAL SUMMER LEARNING BRIDGE,SOUTH BALTIMORE,MD,char500:731312965_2021
Charles and Lynn Schusterman Family Foundation,2021,FUTURES WITHOUT VIOLENCE,500000,GENERAL OPERATING SUPPORT,PRESIDIO SAN FRANCISCO,CA,char500:731312965_2021
Charles and Lynn Schusterman Family Foundation,2021,GAINING GROUND,50000,GENERAL OPERATING SUPPORT,HOUSTON AVE JENKS,OK,char500:731312965_2021
Charles and Lynn Schusterman Family Foundation,2021,GATHERDC,15000,JCRIF TECHNICAL ASSISTANCE GRANT,STREET NW WASHINGTON,DC,char500:731312965_2021
Charles and Lynn Schusterman Family Foundation,2021,GATHERDC,400000,NATIONAL PILOT (JCRIF RESET),STREET NW WASHINGTON,DC,char500:731312965_2021
Charles and Lynn Schusterman Family Foundation,2021,GENERATION CITIZEN INC,15000,TULSA PROGRAM SUPPORT,ST. NEW YORK,NY,char500:731312965_2021
Charles and Lynn Schusterman Family Foundation,2021,GENERATION HOPE,75000,GENERAL OPERATING SUPPORT,AVENUE NE WASHINGTON,DC,char500:731312965_2021
Charles and Lynn Schusterman Family Foundation,2021,GENERATION TEACH INC,200000,GENERAL OPERATING SUPPORT,BOSTON,MA,char500:731312965_2021
Charles and Lynn Schusterman Family Foundation,2021,GIFT OF LIFE MARROW REGISTRY,5000,GENERAL OPERATING SUPPORT,NW BOCA RATON,FL,char500:731312965_2021
Charles and Lynn Schusterman Family Foundation,2021,GIFT OF LIFE MARROW REGISTRY,150000,INSPIRING THE NEXT GENERATION TO HELP SAVE LIVES,NW BOCA RATON,FL,char500:731312965_2021
Charles and Lynn Schusterman Family Foundation,2021,GILCREASE MUSEUM MANAGEMENT TRUST,2500,GENERAL OPERATING SUPPORT,MUSEUM ROAD TULSA,OK,char500:731312965_2021
Charles and Lynn Schusterman Family Foundation,2021,GIRL SCOUTS OF EASTERN OKLAHOMA INC,40000,STEM STRATEGIST,E. AVE TULSA,OK,char500:731312965_2021
Charles and Lynn Schusterman Family Foundation,2021,GIRLS INCORPORATED,2080000,EQUALITY CAN'T WAIT CHALLENGE - GIRLS INC. PROJECT ACCELERATE: REIMAGINING WORKPLACE EQUALITY,FLOOR NEW YORK,NY,char500:731312965_2021
Charles and Lynn Schusterman Family Foundation,2021,GLOBAL GARDENS PO BOX 52034,100000,GENERAL OPERATING SUPPORT,TULSA,OK,char500:731312965_2021
Charles and Lynn Schusterman Family Foundation,2021,GO PUBLIC SCHOOLS,75000,BUILDING ENERGY CONVERTORS’ ORGANIZATIONAL CAPACITY TO EXPAND OPPORTUNITIES FOR STUDENTS TO LEAD EFFORTS TO IMPROVE EDUCATION,SACRAMENTO,CA,char500:731312965_2021
Charles and Lynn Schusterman Family Foundation,2021,GRANTMAKERS FOR EFFECTIVE ORGANIZATIONS,100000,GENERAL OPERATING SUPPORT,STREET NW WASHINGTON,DC,char500:731312965_2021
Charles and Lynn Schusterman Family Foundation,2021,GREENWOOD CULTURAL CENTER INC,20000,GENERAL OPERATING SUPPORT,GREENWOOD AVE TULSA,OK,char500:731312965_2021
Charles and Lynn Schusterman Family Foundation,2021,GROWING TOGETHER,40000,COMMUNITY MOBILIZATION AND LEADERSHIP INITIATIVE,LEWIS AVE. TULSA,OK,char500:731312965_2021
Charles and Lynn Schusterman Family Foundation,2021,GROWING TOGETHER,200000,KENDALL-WHITTIER NEIGHBORHOOD TRUST,LEWIS AVE. TULSA,OK,char500:731312965_2021
Charles and Lynn Schusterman Family Foundation,2021,GUTTMACHER INSTITUTE INC,500000,GENERAL OPERATING SUPPORT,LANE NEW YORK,NY,char500:731312965_2021
Charles and Lynn Schusterman Family Foundation,2021,"HARLEM CHILDREN'S ZONE, INC.",2750000,GENERAL OPERATING SUPPORT FOR AUDACIOUS PROJECT,ST NEW YORK,NY,char500:731312965_2021
Charles and Lynn Schusterman Family Foundation,2021,HAROLD GRINSPOON FOUNDATION,75000,GENERAL OPERATING SUPPORT,AGAWAM,MA,char500:731312965_2021
Charles and Lynn Schusterman Family Foundation,2021,"HAZON, INC.",7200,JEWISH YOUTH CLIMATE MOVEMENT: IMMERSIVE SUMMER LEADERSHIP PROGRAMMING,BROADWAY NEW YORK,NY,char500:731312965_2021
Charles and Lynn Schusterman Family Foundation,2021,HEALTH OUTREACH PREVENTION EDUCATION INC,5000,GENERAL OPERATING SUPPORT,ST STREET TULSA,OK,char500:731312965_2021
Charles and Lynn Schusterman Family Foundation,2021,HEBREW FREE LOAN SOCIETY INC,2000000,GENERAL OPERATING SUPPORT,NEW YORK,NY,char500:731312965_2021
Charles and Lynn Schusterman Family Foundation,2021,HIAS INC,100000,AFGHAN REFUGEE RESETTLEMENT AND ADVOCACY,SILVER SPRING,MD,char500:731312965_2021
Charles and Lynn Schusterman Family Foundation,2021,HILLEL: THE FOUNDATION FOR JEWISH CAMPUS LIFE,200000,DEEPENING ISRAEL WORK ACROSS THE HILLEL MOVEMENT,ST NW WASHINGTON,DC,char500:731312965_2021
Charles and Lynn Schusterman Family Foundation,2021,HILLEL: THE FOUNDATION FOR JEWISH CAMPUS LIFE,14025,GAP YEAR FOR JCRIF 2.0,ST NW WASHINGTON,DC,char500:731312965_2021
Charles and Lynn Schusterman Family Foundation,2021,HILLEL: THE FOUNDATION FOR JEWISH CAMPUS LIFE,35000,GENERAL OPERATING SUPPORT,ST NW WASHINGTON,DC,char500:731312965_2021
Charles and Lynn Schusterman Family Foundation,2021,HILLEL: THE FOUNDATION FOR JEWISH CAMPUS LIFE,23940,GRANTEE CARE AND SUPPORT FUND,ST NW WASHINGTON,DC,char500:731312965_2021
Charles and Lynn Schusterman Family Foundation,2021,HILLEL: THE FOUNDATION FOR JEWISH CAMPUS LIFE,275000,HILLEL ISRAEL MASTERCLASS AND STUDENT ISRAEL CURRICULA,ST NW WASHINGTON,DC,char500:731312965_2021
Charles and Lynn Schusterman Family Foundation,2021,HILLEL: THE FOUNDATION FOR JEWISH CAMPUS LIFE,150000,LAZOS,ST NW WASHINGTON,DC,char500:731312965_2021
Charles and Lynn Schusterman Family Foundation,2021,HILLEL: THE FOUNDATION FOR JEWISH CAMPUS LIFE,3500000,NAVIGATING FROM CRISIS TOWARD TRANSFORMATION: PREPARING FOR HILLEL’S SECOND CENTURY,ST NW WASHINGTON,DC,char500:731312965_2021
Charles and Lynn Schusterman Family Foundation,2021,HISPANIC HERITAGE FOUNDATION,200000,SUMMER LEARNING,WASHINGTON,DC,char500:731312965_2021
Charles and Lynn Schusterman Family Foundation,2021,HIV RESOURCE CONSORTIUM INC,100000,MORTGAGE RELIEF,TH ST TULSA,OK,char500:731312965_2021
Charles and Lynn Schusterman Family Foundation,2021,HMONG AMERICAN WOMENS ASSOCIATION,125000,GENERAL OPERATING SUPPORT TO AFRICAN AMERICAN ROUNDTABLE,NATIONAL AVENUE MILWAUKEE,WI,char500:731312965_2021
Charles and Lynn Schusterman Family Foundation,2021,HOLLAND HALL,50000,FINANCIAL AID FOR LOW-INCOME STUDENTS,ST ST TULSA,OK,char500:731312965_2021
Charles and Lynn Schusterman Family Foundation,2021,HONEYMOON ISRAEL FOUNDATION INC,3780,GRANTEE CARE AND SUPPORT FUND,ST NE ATLANTA,GA,char500:731312965_2021
Charles and Lynn Schusterman Family Foundation,2021,HONEYMOON ISRAEL FOUNDATION INC,750000,"GROWTH, CAPACITY BUILDING, AND ENRICHMENT",ST NE ATLANTA,GA,char500:731312965_2021
Charles and Lynn Schusterman Family Foundation,2021,HOPEWELL FUND,1000000,DEMOCRACY DOCKET LEGAL FUND,-D WASHINGTON,DC,char500:731312965_2021
Charles and Lynn Schusterman Family Foundation,2021,HOPEWELL FUND,1000000,EMERGENCY SUPPORT FOR BACKSTOP FUND AND TX LEGAL DEFENSE FUND,-D WASHINGTON,DC,char500:731312965_2021
Charles and Lynn Schusterman Family Foundation,2021,HOPEWELL FUND,1510000,GENERAL OPERATING SUPPORT,-D WASHINGTON,DC,char500:731312965_2021
Charles and Lynn Schusterman Family Foundation,2021,HOPEWELL FUND,125000,SOCIAL AND ECONOMIC STRATEGIES CENTER,-D WASHINGTON,DC,char500:731312965_2021
Charles and Lynn Schusterman Family Foundation,2021,HUMBLE SONS BIKE COMPANY,25000,AFTER SCHOOL BIKE CLUB,PL BROKEN ARROW,OK,char500:731312965_2021
Charles and Lynn Schusterman Family Foundation,2021,ICIVICS INC,400000,EDUCATING FOR AMERICAN DEMOCRACY IMPLEMENTATION PILOTS,CAMBRIDGE STREET CAMBRIDGE,MA,char500:731312965_2021
Charles and Lynn Schusterman Family Foundation,2021,IF/WHEN/HOW,500000,GENERAL OPERATING SUPPORT,OAKLAND,CA,char500:731312965_2021
Charles and Lynn Schusterman Family Foundation,2021,IGNITE,832000,EQUALITY CAN'T WAIT CHALLENGE - TRAINING NEXT GEN WOMEN TO FLEX THEIR POLITICAL POWER,TH ST OAKLAND,CA,char500:731312965_2021
Charles and Lynn Schusterman Family Foundation,2021,ILLUSTRATIVE MATHEMATICS PO BOX 69822 ORO,250000,K-5 SPANISH TRANSLATION,VALLEY,AZ,char500:731312965_2021
Charles and Lynn Schusterman Family Foundation,2021,IMMSCHOOLS PO BOX 181029,100000,GENERAL OPERATING SUPPORT,DALLAS,TX,char500:731312965_2021
Charles and Lynn Schusterman Family Foundation,2021,IMPACT JUSTICE,200000,GENERAL OPERATING SUPPORT,LAKESHORE AVE. OAKLAND,CA,char500:731312965_2021
Charles and Lynn Schusterman Family Foundation,2021,IN OUR OWN VOICE NATIONAL BLACK WOMENS REPRODUCTIVE JUSTICE AGENDA,1200000,GENERAL OPERATING SUPPORT,SILVER SPRING,MD,char500:731312965_2021
Charles and Lynn Schusterman Family Foundation,2021,INSPIRENOLA CHARTER SCHOOLS,75000,ALLIANCE FOR DIVERSITY AND EXCELLENCE,NEW ORLEANS,LA,char500:731312965_2021
Charles and Lynn Schusterman Family Foundation,2021,INSTITUTE OF SOUTHERN JEWISH LIFE INC,100000,ISJL EDUCATION FELLOWS 2019-21 AND THE SUSAN & MACY B. HART FUND,A JACKSON,MS,char500:731312965_2021
Charles and Lynn Schusterman Family Foundation,2021,INTEGRITY FIRST FOR AMERICA INC. PO BOX 1831,500000,CHARLOTTESVILLE CASE AND GENERAL OPERATING SUPPORT,NEW YORK,NY,char500:731312965_2021
Charles and Lynn Schusterman Family Foundation,2021,INTERCULTURAL DEVELOPMENT RESEARCH ASSOCIATION,300000,RESOURCE HUB,SAN ANTONIO,TX,char500:731312965_2021
Charles and Lynn Schusterman Family Foundation,2021,INTERFAITH VOICES FOR REPRODUCTIVE JUSTICE,150000,GENERAL OPERATING SUPPORT,HURST DR. MABLETON,GA,char500:731312965_2021
Charles and Lynn Schusterman Family Foundation,2021,IRON GATE INC,20000,GENERAL OPERATING SUPPORT,ARCHER STREET TULSA,OK,char500:731312965_2021
Charles and Lynn Schusterman Family Foundation,2021,ISRAAID (US) GLOBAL HUMANITARIAN ASSISTANCE INC,800000,GENERAL OPERATING SUPPORT,AVE PALO ALTO,CA,char500:731312965_2021
Charles and Lynn Schusterman Family Foundation,2021,ISRAAID (US) GLOBAL HUMANITARIAN ASSISTANCE INC,31680,GRANTEE CARE AND SUPPORT FUND,AVE PALO ALTO,CA,char500:731312965_2021
Charles and Lynn Schusterman Family Foundation,2021,ISRAAID (US) GLOBAL HUMANITARIAN ASSISTANCE INC,100000,HAITIAN EMERGENCY RESPONSE,AVE PALO ALTO,CA,char500:731312965_2021
Charles and Lynn Schusterman Family Foundation,2021,ISRAEL EDUCATION RESOURCE CENTER,500000,CAPACITY BUILDING,REVERE DRIVE NORTHBROOK,IL,char500:731312965_2021
Charles and Lynn Schusterman Family Foundation,2021,ISRAEL EDUCATION RESOURCE CENTER,3960,GRANTEE CARE AND SUPPORT FUND,REVERE DRIVE NORTHBROOK,IL,char500:731312965_2021
Charles and Lynn Schusterman Family Foundation,2021,ISRAEL INSTITUTE INC,4294726,GENERAL OPERATING SUPPORT,WASHINGTON,DC,char500:731312965_2021
Charles and Lynn Schusterman Family Foundation,2021,ISRAEL INSTITUTE INC,900,GRANTEE CARE AND SUPPORT FUND,WASHINGTON,DC,char500:731312965_2021
Charles and Lynn Schusterman Family Foundation,2021,ISRAEL ON CAMPUS COALITION PO BOX 34640 WASHINGTON,225000,ACADEMIC ENGAGEMENT NETWORK: ADDRESSING NEW CAMPUS REALITIES,,,char500:731312965_2021
Charles and Lynn Schusterman Family Foundation,2021,ISRAEL ON CAMPUS COALITION PO BOX 34640 WASHINGTON,1500000,CAMPUS ACTION PLAN,,,char500:731312965_2021
Charles and Lynn Schusterman Family Foundation,2021,ISRAEL ON CAMPUS COALITION PO BOX 34640 WASHINGTON,300000,DIGITAL STAFF EXPANSION,,,char500:731312965_2021
Charles and Lynn Schusterman Family Foundation,2021,ISRAEL ON CAMPUS COALITION PO BOX 34640 WASHINGTON,4680,GRANTEE CARE AND SUPPORT FUND,,,char500:731312965_2021
Charles and Lynn Schusterman Family Foundation,2021,ISRAEL POLICY FORUM INC,200000,ENHANCED WASHINGTON WORK,AVE NEW YORK,NY,char500:731312965_2021
Charles and Lynn Schusterman Family Foundation,2021,ISRAEL POLICY FORUM INC,2340,GRANTEE CARE AND SUPPORT FUND,AVE NEW YORK,NY,char500:731312965_2021
Charles and Lynn Schusterman Family Foundation,2021,ISRAEL POLICY FORUM INC,300000,IPF ATID GROWTH AND EXPANSION,AVE NEW YORK,NY,char500:731312965_2021
Charles and Lynn Schusterman Family Foundation,2021,ISRAEL21C,65000,GENERAL OPERATING SUPPORT,SAN FRANCISCO,CA,char500:731312965_2021
Charles and Lynn Schusterman Family Foundation,2021,ITREK,50000,DLEAD COMMUNITY OF PRACTICE FOR DEVELOPMENT PROFESSIONALS,BROADWAY NEW YORK,NY,char500:731312965_2021
Charles and Lynn Schusterman Family Foundation,2021,ITREK,5752,FUTURING: EVOLVING OUR WORKSPACE,BROADWAY NEW YORK,NY,char500:731312965_2021
Charles and Lynn Schusterman Family Foundation,2021,ITREK,2880,GRANTEE CARE AND SUPPORT FUND,BROADWAY NEW YORK,NY,char500:731312965_2021
Charles and Lynn Schusterman Family Foundation,2021,"JAMES B. HUNT, JR. INSTITUTE FOR EDUCATIONAL LEADERSHIP & POLICY FOUNDATION, INC.",200000,,,,char500:731312965_2021
Charles and Lynn Schusterman Family Foundation,2021,JAMES INC.,5000,AWARENESS CAMPAIGN,TULSA,OK,char500:731312965_2021
Charles and Lynn Schusterman Family Foundation,2021,JANE'S DUE PROCESS INC PO BOX 685137,200000,GENERAL OPERATING SUPPORT,AUSTIN,TX,char500:731312965_2021
Charles and Lynn Schusterman Family Foundation,2021,"JERUSALEM FOUNDATION, INC.",100000,LEADERSHIP GIVING INITIATIVE,AVENUE NEW YORK,NY,char500:731312965_2021
Charles and Lynn Schusterman Family Foundation,2021,JEWBELONG INC,150000,JEWBELONG OR JEWBEGONE OUTDOOR CAMPAIGN,AFTERFGLOW WAY VERONA,NJ,char500:731312965_2021
Charles and Lynn Schusterman Family Foundation,2021,JEWISH BOOK COUNCIL,3600,GENERAL OPERATING SUPPORT,FLOOR NEW YORK,NY,char500:731312965_2021
Charles and Lynn Schusterman Family Foundation,2021,JEWISH COMMUNAL FUND,400000,GENERAL OPERATING SUPPORT,NEW YORK,NY,char500:731312965_2021
Charles and Lynn Schusterman Family Foundation,2021,JEWISH COMMUNITY CENTER IN MANHATTAN INC,3600,GENERAL OPERATING SUPPORT,AVE NEW YORK,NY,char500:731312965_2021
Charles and Lynn Schusterman Family Foundation,2021,JEWISH COMMUNITY RELATIONS COUNCIL OF SAN FRANCISCO MARIN & PENINSULA,200000,INSTITUTE FOR CURRICULUM SERVICES,SAN FRANCISCO,CA,char500:731312965_2021
Charles and Lynn Schusterman Family Foundation,2021,JEWISH COUNCIL FOR PUBLIC AFFAIRS,50000,GENERAL OPERATING SUPPORT,NEW YORK,NY,char500:731312965_2021
Charles and Lynn Schusterman Family Foundation,2021,JEWISH COUNCIL FOR PUBLIC AFFAIRS,50000,STRATEGIC PLANNING AND ADDITIONAL PROGRAM SUPPORT,NEW YORK,NY,char500:731312965_2021
Charles and Lynn Schusterman Family Foundation,2021,JEWISH FAMILY & COMMUNITY SERVICES EAST BAY,10000,AFGHANI FAMILY RESETTLEMENT SUPPORT,BERKELEY,CA,char500:731312965_2021
Charles and Lynn Schusterman Family Foundation,2021,JEWISH FEDERATION COUNCIL OF GREATER LOS ANGELES,16666,GENERAL OPERATING SUPPORT,LOS ANGELES,CA,char500:731312965_2021
Charles and Lynn Schusterman Family Foundation,2021,JEWISH FEDERATIONS OF NORTH AMERICA INC,251500,GENERAL OPERATING SUPPORT,NEW YORK,NY,char500:731312965_2021
Charles and Lynn Schusterman Family Foundation,2021,JEWISH FEDERATIONS OF NORTH AMERICA INC,23940,GRANTEE CARE AND SUPPORT FUND,NEW YORK,NY,char500:731312965_2021
Charles and Lynn Schusterman Family Foundation,2021,JEWISH FEDERATIONS OF NORTH AMERICA INC,1000000,LIVESECURE GROWTH PLAN,NEW YORK,NY,char500:731312965_2021
Charles and Lynn Schusterman Family Foundation,2021,JEWISH FOOD SOCIETY INC,75000,GENERAL OPERATING SUPPORT AND SUPPORT FOR SCHMALTZY PODCAST,BROADWAY NEW YORK,NY,char500:731312965_2021
Charles and Lynn Schusterman Family Foundation,2021,JEWISH FUNDERS NETWORK,250000,CANVAS,ST NEW YORK,NY,char500:731312965_2021
Charles and Lynn Schusterman Family Foundation,2021,JEWISH FUNDERS NETWORK,83000,GENERAL OPERATING SUPPORT,ST NEW YORK,NY,char500:731312965_2021
Charles and Lynn Schusterman Family Foundation,2021,JEWISH JUMPSTART,25000,JLENS GENERAL OPERATING SUPPORT,SAN FRANCISCO,CA,char500:731312965_2021
Charles and Lynn Schusterman Family Foundation,2021,JEWISH KIDS GROUPS FOUNDATION INC,15000,JCRIF TECHNICAL ASSISTANCE GRANT,ATLANTA,GA,char500:731312965_2021
Charles and Lynn Schusterman Family Foundation,2021,JEWISH MUSEUM,3600,GENERAL OPERATING SUPPORT,ST NEW YORK,NY,char500:731312965_2021
Charles and Lynn Schusterman Family Foundation,2021,JEWISH PARTISAN EDUCATIONAL FOUNDATION INC PO BOX 159004,1800,GENERAL OPERATING SUPPORT,SAN FRANCISCO,CA,char500:731312965_2021
Charles and Lynn Schusterman Family Foundation,2021,JEWISH SOCIAL RESPONSE,36000,CAREER UP NOW,DRIVE LAS VEGAS,NV,char500:731312965_2021
Charles and Lynn Schusterman Family Foundation,2021,JEWISH WOMEN INTERNATIONAL,250000,"COMMUNITY, TRAINING AND ECONOMIC SECURITY FOR JEWISH DOMESTIC VIOLENCE SURVIVORS AND PROGRAMS",WASHINGTON,DC,char500:731312965_2021
Charles and Lynn Schusterman Family Foundation,2021,JEWISH WOMEN INTERNATIONAL,5360,GENERAL OPERATING SUPPORT,WASHINGTON,DC,char500:731312965_2021
Charles and Lynn Schusterman Family Foundation,2021,JEWISH WOMEN'S ARCHIVE INC ONE HARVARD STREET BROOKLINE,25000,GENERAL OPERATING SUPPORT,,,char500:731312965_2021
Charles and Lynn Schusterman Family Foundation,2021,JEWS IN TECH,18000,GENERAL OPERATING SUPPORT,STREET NEW YORK,NY,char500:731312965_2021
Charles and Lynn Schusterman Family Foundation,2021,"JHPIEGO, AN AFFILIATE OF JOHNS HOPKINS UNIVERSITY",25000,,,,char500:731312965_2021
Charles and Lynn Schusterman Family Foundation,2021,JIMENA INC.,105000,,,,char500:731312965_2021
Charles and Lynn Schusterman Family Foundation,2021,"JOBS FOR AMERICA'S GRADUATES, INC.",40000,SUMMER LEARNING GRANT,KING ST ALEXANDRIA,VA,char500:731312965_2021
Charles and Lynn Schusterman Family Foundation,2021,JOHN HOPE FRANKLIN CENTER FOR RECONCILIATION INC,20000,GENERAL OPERATING SUPPORT,GREENWOOD AVE TULSA,OK,char500:731312965_2021
Charles and Lynn Schusterman Family Foundation,2021,JOHN N. GARDNER INSTITUTE FOR EXCELLENCE IN UNDERGRADUATE EDUCATION PO BOX 72,9626,TULSA HIGHER EDUCATION SUPPORT,BREVARD,NC,char500:731312965_2021
Charles and Lynn Schusterman Family Foundation,2021,JOSEPH SLIFKA CENTER FOR JEWISH LIFE AT YALE,1000000,CAPITAL CAMPAIGN,ST NEW HAVEN,CT,char500:731312965_2021
Charles and Lynn Schusterman Family Foundation,2021,JOSEPH SLIFKA CENTER FOR JEWISH LIFE AT YALE,150000,ENGAGEMENT OF YALE STUDENTS IN JEWISH LIFE ON CAMPUS AND IN ISRAEL,ST NEW HAVEN,CT,char500:731312965_2021
Charles and Lynn Schusterman Family Foundation,2021,JOYFUL HEART FOUNDATION,175000,GENERAL OPERATING SUPPORT,BROOKLYN,NY,char500:731312965_2021
Charles and Lynn Schusterman Family Foundation,2021,JPRO NETWORK INC,75000,GENERAL OPERATING SUPPORT,NEW YORK,NY,char500:731312965_2021
Charles and Lynn Schusterman Family Foundation,2021,JTA-MJL NEW CORP.,400000,GENERAL OPERATING SUPPORT,NEW YORK,NY,char500:731312965_2021
Charles and Lynn Schusterman Family Foundation,2021,JUVENILE LAW CENTER,250000,GENERAL OPERATING SUPPORT,B PHILADELPHIA,PA,char500:731312965_2021
Charles and Lynn Schusterman Family Foundation,2021,"KANSAS APPLESEED CENTER FOR LAW AND JUSTICE, INC.",2000,GENERAL OPERATING SUPPORT TO THE DEBT FREE JUSTICE CAMPAIGN,TH ST LAWRENCE,KS,char500:731312965_2021
Charles and Lynn Schusterman Family Foundation,2021,"KESHET (DIVERSITY) UK REGINA HOUSE, 124 FINCHLEY ROAD LONDON, NW3 5JS GENERAL OPERATING SUPPORT",55000,,,,char500:731312965_2021
Charles and Lynn Schusterman Family Foundation,2021,CHARITY NO.,600000,EDUCATION AND TRAINING FOR LGBTQ EQUALITY IN JEWISH LIFE: A STRATEGIC GROWTH PLAN,ST JAMAICA PLAIN,MA,char500:731312965_2021
Charles and Lynn Schusterman Family Foundation,2021,KESHET INC,75000,EQUALITY ACT CAMPAIGN,ST JAMAICA PLAIN,MA,char500:731312965_2021
Charles and Lynn Schusterman Family Foundation,2021,KESHET INC,25000,GENERAL OPERATING SUPPORT,ST JAMAICA PLAIN,MA,char500:731312965_2021
Charles and Lynn Schusterman Family Foundation,2021,KESHET INC,4140,GRANTEE CARE AND SUPPORT FUND,ST JAMAICA PLAIN,MA,char500:731312965_2021
Charles and Lynn Schusterman Family Foundation,2021,KIPP FOUNDATION,500000,GENERAL OPERATING SUPPORT,SAN FRANCISCO,CA,char500:731312965_2021
Charles and Lynn Schusterman Family Foundation,2021,KIPP FOUNDATION,250000,KIPP CEO DISCRETIONARY FUND,SAN FRANCISCO,CA,char500:731312965_2021
Charles and Lynn Schusterman Family Foundation,2021,KIPP FOUNDATION,55772,KIPP NEW ORLEANS MATCH FUND,SAN FRANCISCO,CA,char500:731312965_2021
Charles and Lynn Schusterman Family Foundation,2021,KIPP TULSA ACADEMY COLLEGE PREPARATORY INC,125000,GENERAL OPERATING SUPPORT,VIRGIN ST TULSA,OK,char500:731312965_2021
Charles and Lynn Schusterman Family Foundation,2021,KNOWLEDGEWORKS FOUNDATION,250000,REMIQS,CINCINNATI,OH,char500:731312965_2021
Charles and Lynn Schusterman Family Foundation,2021,LATINO YOUTH COLLECTIVE OF INDIANA,27500,SUMMER PROGRAMMING SUPPORT,TH ST. INDIANAPOLIS,IN,char500:731312965_2021
Charles and Lynn Schusterman Family Foundation,2021,LATINOS FOR EDUCATION INC,400000,GENERAL OPERATING SUPPORT,PAYSON ROAD BELMONT,MA,char500:731312965_2021
Charles and Lynn Schusterman Family Foundation,2021,LEADERSHIP FOR EDUCATIONAL EQUITY FOUNDATION,2000000,GENERAL OPERATING SUPPORT,STREET NW WASHINGTON,DC,char500:731312965_2021
Charles and Lynn Schusterman Family Foundation,2021,LEADERSHIP TULSA INC,50000,CIVIC LEADERSHIP PROGRAM PILOT,ELGIN AVE TULSA,OK,char500:731312965_2021
Charles and Lynn Schusterman Family Foundation,2021,LEADERSHIP TULSA INC,40000,TULSA CHANGEMAKERS,ELGIN AVE TULSA,OK,char500:731312965_2021
Charles and Lynn Schusterman Family Foundation,2021,LEADING EDGE ALLIANCE INC,1000000,GENERAL OPERATING SUPPORT,FLOOR NEW YORK,NY,char500:731312965_2021
Charles and Lynn Schusterman Family Foundation,2021,LEADING EDGE ALLIANCE INC,2340,GRANTEE CARE AND SUPPORT FUND,FLOOR NEW YORK,NY,char500:731312965_2021
Charles and Lynn Schusterman Family Foundation,2021,LEADING EDGE ALLIANCE INC,600000,LEADING EDGE: TALENT COMPASS,FLOOR NEW YORK,NY,char500:731312965_2021
Charles and Lynn Schusterman Family Foundation,2021,LEADING EDUCATORS INC,1750000,GENERAL OPERATING SUPPORT,BLVD NEW ORLEANS,LA,char500:731312965_2021
Charles and Lynn Schusterman Family Foundation,2021,LEAGUE OF WOMEN VOTERS OF METROPOLITAN TULSA,5000,GENERAL OPERATING SUPPORT,LEWIS AVENUE TULSA,OK,char500:731312965_2021
Charles and Lynn Schusterman Family Foundation,2021,LEARNING FORWARD,150000,GENERAL OPERATING GRANT,D DALLAS,TX,char500:731312965_2021
Charles and Lynn Schusterman Family Foundation,2021,LEARNING FORWARD,250000,TITLE II POLICY & ADVOCACY,D DALLAS,TX,char500:731312965_2021
Charles and Lynn Schusterman Family Foundation,2021,LEGAL AID SERVICES OF OKLAHOMA INC,300000,HIGH QUALITY LEGAL REPRESENTATION FOR PARENTS IN CASES INVOLVING ABUSE AND NEGLECT: A PILOT PROGRAM FOR TULSA COUNTY,OKLAHOMA CITY,OK,char500:731312965_2021
Charles and Lynn Schusterman Family Foundation,2021,LEUKEMIA AND LYMPHOMA SOCIETY INC,10000,GENERAL OPERATING SUPPORT,BROADWAY OKLAHOMA CITY,OK,char500:731312965_2021
Charles and Lynn Schusterman Family Foundation,2021,LIFE PIECES TO MASTERPIECES,100000,SUMMER LEARNING GRANT,TH FLOOR WASHINGTON,DC,char500:731312965_2021
Charles and Lynn Schusterman Family Foundation,2021,LIFES DOOR INC,100000,GENERAL OPERATING SUPPORT,ISLAND AVE BROOKLYN,NY,char500:731312965_2021
Charles and Lynn Schusterman Family Foundation,2021,LITTLE FREE LIBRARY LTD,10000,READ IN COLOR TULSA,ROAD A HUDSON,WI,char500:731312965_2021
Charles and Lynn Schusterman Family Foundation,2021,"CHARITY, TYPE 1 LOCAL PROGRESS POLICY INSTITUTE",200000,PROJECT SUPPORT: REDEFINING PUBLIC SAFETY AND THRIVING COMMUNITIES,STREET NW WASHINGTON,DC,char500:731312965_2021
Charles and Lynn Schusterman Family Foundation,2021,M2 THE INSTITUTE FOR EXPERIENTIAL JEWISH EDUCATION,137500,CENTER FOR VALUES IN ACTION (JCRIF RESET),RD ST BROOKLYN,NY,char500:731312965_2021
Charles and Lynn Schusterman Family Foundation,2021,MAKE THE ROAD STATES INC.,25000,THE DREAM AMBASSADOR PROGRAM,GROVE STREET BROOKLYN,NY,char500:731312965_2021
Charles and Lynn Schusterman Family Foundation,2021,MANAGEMENT LEADERSHIP FOR TOMORROW,2000000,BLACK EQUITY WORKPLACE INITIATIVE,BETHESDA,MD,char500:731312965_2021
Charles and Lynn Schusterman Family Foundation,2021,MARSHALL PROJECT INC,500000,GENERAL OPERATING SUPPORT,NEW YORK,NY,char500:731312965_2021
Charles and Lynn Schusterman Family Foundation,2021,MASLOW DEVELOPMENT INC.,150000,GENERAL OPERATING SUPPORT,HILL DR MEMPHIS,TN,char500:731312965_2021
Charles and Lynn Schusterman Family Foundation,2021,MATRICULATE INC,250000,GENERAL OPERATING SUPPORT,STREET NEW YORK,NY,char500:731312965_2021
Charles and Lynn Schusterman Family Foundation,2021,MCLEAN HOSPITAL CORPORATION,33750,"HARVARD PEAR INSTITUTE, TULSA STEM PROGRAM MEASUREMENT",BELMONT,MA,char500:731312965_2021
Charles and Lynn Schusterman Family Foundation,2021,MENTAL HEALTH ASSOCIATION IN TULSA INC DBA MENTAL HEALTH ASSOCIATION OKLAHOMA,60618,,,,char500:731312965_2021
Charles and Lynn Schusterman Family Foundation,2021,MET CARES FOUNDATION INC,125000,,,,char500:731312965_2021
Charles and Lynn Schusterman Family Foundation,2021,MET CARES FOUNDATION INC,50000,,,,char500:731312965_2021
Charles and Lynn Schusterman Family Foundation,2021,MIDDLE EAST MEDIA AND RESEARCH INSTITUTE INC,18000,GENERAL OPERATING SUPPORT,STREET NW WASHINGTON,DC,char500:731312965_2021
Charles and Lynn Schusterman Family Foundation,2021,MIDWEST ACCESS COALITION PO BOX 408363,500000,GENERAL OPERATING SUPPORT AND PROJECT SUPPORT FOR APIARY,CHICAGO,IL,char500:731312965_2021
Charles and Lynn Schusterman Family Foundation,2021,MODUS INC,35000,GENERAL OPERATING SUPPORT,HARVARD AVENUE TULSA,OK,char500:731312965_2021
Charles and Lynn Schusterman Family Foundation,2021,MOISHE HOUSE,2500000,FURTHER EXPANDING MOISHE HOUSE'S STRUCTURE AND REACH TO MAKE JEWISH LIFE FOR YOUNG ADULTS EVEN MORE ACCESSIBLE AND EXCITING,ENCINITAS,CA,char500:731312965_2021
Charles and Lynn Schusterman Family Foundation,2021,MOISHE HOUSE,12600,GRANTEE CARE AND SUPPORT FUND,ENCINITAS,CA,char500:731312965_2021
Charles and Lynn Schusterman Family Foundation,2021,MOISHE HOUSE,35000,JCRIF BASE MOISHE HOUSE MERGER,ENCINITAS,CA,char500:731312965_2021
Charles and Lynn Schusterman Family Foundation,2021,MOISHE HOUSE,29400,JEWISH LEARNING COLLABORATIVE (JCRIF RESET),ENCINITAS,CA,char500:731312965_2021
Charles and Lynn Schusterman Family Foundation,2021,MOMSRISING EDUCATION FUND,75000,GENERAL OPERATING SUPPORT,B BELLEVUE,WA,char500:731312965_2021
Charles and Lynn Schusterman Family Foundation,2021,MOVING TRADITIONS,65000,GENERAL OPERATING SUPPORT,ROAD ELKINS PARK,PA,char500:731312965_2021
Charles and Lynn Schusterman Family Foundation,2021,MULTIDISCIPLINARY ASSOCIATION FOR PSYCHEDELIC STUDIES,250000,TRAINING SCHOLARSHIPS FOR MDMA THERAPISTS OF COLOR,STREET SANTA CRUZ,CA,char500:731312965_2021
Charles and Lynn Schusterman Family Foundation,2021,NAACP LEGAL DEFENSE & EDUC FUND INC,500000,GENERAL OPERATING SUPPORT,FLOOR NEW YORK,NY,char500:731312965_2021
Charles and Lynn Schusterman Family Foundation,2021,NATIONAL ABORTION FEDERATION,50000,OKLAHOMA-BASED FUND AND ACTIVITIES WITH A TULSA FOCUS,NW WASHINGTON,DC,char500:731312965_2021
Charles and Lynn Schusterman Family Foundation,2021,NATIONAL ABORTION FEDERATION,100000,PROJECT GRANT FOR ABORTION CARE SECTOR DISRUPTION STUDY,NW WASHINGTON,DC,char500:731312965_2021
Charles and Lynn Schusterman Family Foundation,2021,"CHARITY, TYPE 1 NATIONAL ASIAN PACIFIC AMERICAN WOMENS FORUM PO BOX 13255 CHICAGO",400000,GENERAL OPERATING SUPPORT,,,char500:731312965_2021
Charles and Lynn Schusterman Family Foundation,2021,NATIONAL BOARD FOR PROFESSIONAL TEACHING STANDARDS INC.,500000,"BUILDING AN ACCOMPLISHED, DIVERSE AND ANTI-RACIST TEACHING PROFESSION",ARLINGTON,VA,char500:731312965_2021
Charles and Lynn Schusterman Family Foundation,2021,NATIONAL COMMITTEE FOR RESPONSIVE PHILANTHROPY,30000,GENERAL OPERATING SUPPORT,WASHINGTON,DC,char500:731312965_2021
Charles and Lynn Schusterman Family Foundation,2021,NATIONAL COUNCIL FOR INCARCERATED AND FORMERLY INCARCERATED WOMEN AND GIRLS,125000,GENERAL OPERATING SUPPORT,WARREN STREET ROXBURY,MA,char500:731312965_2021
Charles and Lynn Schusterman Family Foundation,2021,NATIONAL COUNCIL FOR THE SOCIAL STUDIES,133625,SOCIAL STUDIES STANDARDS REVISIONS PLANNING GRANT,SILVER SPRING,MD,char500:731312965_2021
Charles and Lynn Schusterman Family Foundation,2021,NATIONAL COUNCIL OF JEWISH WOMEN INCORPORATED,250000,GENERAL OPERATING SUPPORT,ST NW WASHINGTON,DC,char500:731312965_2021
Charles and Lynn Schusterman Family Foundation,2021,NATIONAL DOMESTIC WORKERS ALLIANCE INC,2080000,EQUALITY CAN'T WAIT CHALLENGE - BUILDING WOMEN'S EQUALITY THROUGH STRENGTHENING THE CARE INFRASTRUCTURE,NEW YORK,NY,char500:731312965_2021
Charles and Lynn Schusterman Family Foundation,2021,NATIONAL DOMESTIC WORKERS ALLIANCE INC,500000,GENERAL OPERATING SUPPORT,NEW YORK,NY,char500:731312965_2021
Charles and Lynn Schusterman Family Foundation,2021,NATIONAL FAMILY PLANNING & REPRODUCTIVE HEALTH ASSOCIATION,500000,GENERAL OPERATING SUPPORT,AVE NW WASHINGTON,DC,char500:731312965_2021
Charles and Lynn Schusterman Family Foundation,2021,NATIONAL HOUSING & COMMUNITY DEVELOPMENT LAW PROJECT,350000,GENERAL OPERATING SUPPORT,SAN FRANCISCO,CA,char500:731312965_2021
Charles and Lynn Schusterman Family Foundation,2021,NATIONAL LEGAL AID AND DEFENDER ASSOCIATION,315000,PROJECT GRANT TO SUPPORT THE NATIONAL CAMPAIGN TO END PUBLIC DEFENDER FEES,WASHINGTON,DC,char500:731312965_2021
Charles and Lynn Schusterman Family Foundation,2021,NATIONAL LOW INCOME HOUSING COALITION,200000,COVID-19 RENTAL ASSISTANCE INITIATIVES,VERMONT AVENUE WASHINGTON,DC,char500:731312965_2021
Charles and Lynn Schusterman Family Foundation,2021,NATIONAL LOW INCOME HOUSING COALITION,1250000,GENERAL OPERATING SUPPORT,VERMONT AVENUE WASHINGTON,DC,char500:731312965_2021
Charles and Lynn Schusterman Family Foundation,2021,NATIONAL MUSEUM OF AMERICAN JEWISH HISTORY,1800,GENERAL OPERATING SUPPORT,MALL E PHILADELPHIA,PA,char500:731312965_2021
Charles and Lynn Schusterman Family Foundation,2021,NATIONAL NETWORK OF ABORTION FUND PO BOX 170280,1600000,GENERAL OPERATING AND PROJECT SUPPORT FOR THE CRISIS RELIEF CAMPAIGN,BOSTON,MA,char500:731312965_2021
Charles and Lynn Schusterman Family Foundation,2021,NATIONAL ORGANIZATION FOR WORKING AMERICANS AND EDUCATION FUND PO BOX 21961,250000,GENERAL OPERATING SUPPORT TO WORKMONEY,SEATTLE,WA,char500:731312965_2021
Charles and Lynn Schusterman Family Foundation,2021,NATIONAL PARENTS UNION INC,100000,GENERAL OPERATING SUPPORT,PLEASANT ST MALDEN,MA,char500:731312965_2021
Charles and Lynn Schusterman Family Foundation,2021,NATIONAL WOMEN'S LAW CENTER,700000,GENERAL OPERATING SUPPORT,WASHINGTON,DC,char500:731312965_2021
Charles and Lynn Schusterman Family Foundation,2021,NEGOTIATION STRATEGIES INSTITUTE,108000,MONITORING PROJECT NSI,WASHINGTON D.C.,DC,char500:731312965_2021
Charles and Lynn Schusterman Family Foundation,2021,OPERATING NEGOTIATION STRATEGIES INSTITUTE,28000,RAPID WORKSHOP ISRAELI LEADERS,WASHINGTON D.C.,DC,char500:731312965_2021
Charles and Lynn Schusterman Family Foundation,2021,OPERATING NEO PHILANTHROPY,25000,EMERGENCY GENERAL SUPPORT FOR WE TESTIFY,STREET NEW YORK,NY,char500:731312965_2021
Charles and Lynn Schusterman Family Foundation,2021,NEO PHILANTHROPY,200000,FOUR FREEDOMS FUND RAPID RESPONSE FUND,STREET NEW YORK,NY,char500:731312965_2021
Charles and Lynn Schusterman Family Foundation,2021,NEO PHILANTHROPY,200000,GENERAL OPERATING SUPPORT,STREET NEW YORK,NY,char500:731312965_2021
Charles and Lynn Schusterman Family Foundation,2021,NETWORK FOR RESEARCH IN JEWISH EDUCATION INC,5000,GENERAL OPERATING SUPPORT,CORAL SPRINGS,FL,char500:731312965_2021
Charles and Lynn Schusterman Family Foundation,2021,NEW AMERICA FOUNDATION,400000,NEW PRACTICE LAB,WASHINGTON,DC,char500:731312965_2021
Charles and Lynn Schusterman Family Foundation,2021,NEW HOPE OKLAHOMA INC,35000,GENERAL OPERATING SUPPORT,CINCINNATI AVE TULSA,OK,char500:731312965_2021
Charles and Lynn Schusterman Family Foundation,2021,NEW LEADERS,619400,END RACISM PHASE III,NEW YORK,NY,char500:731312965_2021
Charles and Lynn Schusterman Family Foundation,2021,NEW LEADERS,2000000,GENERAL OPERATING SUPPORT,NEW YORK,NY,char500:731312965_2021
Charles and Lynn Schusterman Family Foundation,2021,NEW LEADERS,1000000,MOREHOUSE SCHOOL LEADER PROGRAM,NEW YORK,NY,char500:731312965_2021
Charles and Lynn Schusterman Family Foundation,2021,NEW MEXICO COMMUNITY CAPITAL,2080000,EQUALITY CAN'T WAIT CHALLENGE - THE FUTURE IS INDIGENOUS WOMXN,ALBUQUERQUE,NM,char500:731312965_2021
Charles and Lynn Schusterman Family Foundation,2021,NEW ORLEANS ABORTION FUND PO BOX 770141,200000,GENERAL OPERATING SUPPORT,NEW ORLEANS,LA,char500:731312965_2021
Charles and Lynn Schusterman Family Foundation,2021,NEW SANCTUARY MIGRANT EMPOWERMENT CENTER PO BOX 471513,10000,GENERAL OPERATING SUPPORT,TULSA,OK,char500:731312965_2021
Charles and Lynn Schusterman Family Foundation,2021,NEW SCHOOLS FOR NEW ORLEANS INC,500000,CONTINUED SUPPORT FOR INSTRUCTIONAL QUALITY INITIATIVE,NEW ORLEANS,LA,char500:731312965_2021
Charles and Lynn Schusterman Family Foundation,2021,NEW SCHOOLS FUND,30000,DEI FUNDER COP,FRANKLIN STREET OAKLAND,CA,char500:731312965_2021
Charles and Lynn Schusterman Family Foundation,2021,NEW TEACHER CENTER,5225000,GENERAL OPERATING SUPPORT,SANTA CRUZ,CA,char500:731312965_2021
Charles and Lynn Schusterman Family Foundation,2021,NEW VENTURE FUND,125000,CITIES AND COUNTIES FOR FINE AND FEE JUSTICE WITH FINES AND FEES JUSTICE CENTER,A WASHINGTON,DC,char500:731312965_2021
Charles and Lynn Schusterman Family Foundation,2021,NEW VENTURE FUND,1000000,FAIR REPRESENTATION IN REDISTRICTING,A WASHINGTON,DC,char500:731312965_2021
Charles and Lynn Schusterman Family Foundation,2021,NEW VENTURE FUND,325000,SEEK COMMON GROUND AND FOR THE LAUNCH OF AN INSTRUCTIONAL MATERIALS IMPACT GROUP,A WASHINGTON,DC,char500:731312965_2021
Charles and Lynn Schusterman Family Foundation,2021,NEW VENTURE FUND,1080,SRE NETWORK GRANTEE CARE AND SUPPORT FUND,A WASHINGTON,DC,char500:731312965_2021
Charles and Lynn Schusterman Family Foundation,2021,NEW VENTURE FUND,12000,SRE NETWORK: CONVENING WOMEN CEOS OF JEWISH ORGANIZATIONS,A WASHINGTON,DC,char500:731312965_2021
Charles and Lynn Schusterman Family Foundation,2021,NEW YORK COMMUNITY TRUST,1800,GENERAL OPERATING SUPPORT,AVE NEW YORK,NY,char500:731312965_2021
Charles and Lynn Schusterman Family Foundation,2021,NEW YORK UNIVERSITY,250000,GENERAL OPERATING SUPPORT,BROADWAY NEW YORK,NY,char500:731312965_2021
Charles and Lynn Schusterman Family Foundation,2021,NOBLE NETWORK OF CHARTER SCHOOLS,250000,GENERAL OPERATING SUPPORT,CHICAGO,IL,char500:731312965_2021
Charles and Lynn Schusterman Family Foundation,2021,NORTH AMERICAN FRIENDS OF ORANIM INC,5000,MUKI TSUR TRIBUTE FUND,CHASM ROAD BAYSIDE,WI,char500:731312965_2021
Charles and Lynn Schusterman Family Foundation,2021,NORTH CAROLINA A&T REAL ESTATE FOUNDATION INC. PO BOX 20366 GREENSBORO,400000,SCHOLARSHIPS FOR ASPIRING BLACK EDUCATORS,,,char500:731312965_2021
Charles and Lynn Schusterman Family Foundation,2021,OAKLAND REACH,200000,,,,char500:731312965_2021
Charles and Lynn Schusterman Family Foundation,2021,ODELL EDUCATION LLC,200000,FACILITATING STUDENT-LED LEARNING COMMUNITIES,PARKSIDE DRIVE PRINCETON,NJ,char500:731312965_2021
Charles and Lynn Schusterman Family Foundation,2021,46-4990631 FOR PROFIT OKLAHOMA ARTS INSTITUTE,10000,SUMMER ARTS INSTITUTE STUDENT SCHOLARSHIPS,ST OKLAHOMA CITY,OK,char500:731312965_2021
Charles and Lynn Schusterman Family Foundation,2021,OKLAHOMA BLACK CAUCUS FOUNDATION INC,5000,GENERAL OPERATING SUPPORT,BLVD OKLAHOMA CITY,OK,char500:731312965_2021
Charles and Lynn Schusterman Family Foundation,2021,OKLAHOMA B'NAI B'RITH HILLEL FOUNDATION,8000,GENERAL OPERATING SUPPORT,ELM AVE NORMAN,OK,char500:731312965_2021
Charles and Lynn Schusterman Family Foundation,2021,OKLAHOMA CENTER FOR NONPROFITS INC,25000,GENERAL OPERATING SUPPORT,OKLAHOMA CITY,OK,char500:731312965_2021
Charles and Lynn Schusterman Family Foundation,2021,OKLAHOMA CONFERENCE FOR COMMUNITY AND JUSTICE INC,30000,GENERAL OPERATING SUPPORT,TULSA,OK,char500:731312965_2021
Charles and Lynn Schusterman Family Foundation,2021,OKLAHOMA FOUNDATION FOR EXCELLENCE,10000,PROGRAM SUPPORT FOR EDUCATION,OKLAHOMA CITY,OK,char500:731312965_2021
Charles and Lynn Schusterman Family Foundation,2021,OKLAHOMA INSTITUTE FOR CHILD ADVOCACY,25000,GENERAL OPERATING SUPPORT,OKLAHOMA CITY,OK,char500:731312965_2021
Charles and Lynn Schusterman Family Foundation,2021,OKLAHOMA POLICY INC,1500,CLC STRATEGIC PLANNING GRANT,TULSA,OK,char500:731312965_2021
Charles and Lynn Schusterman Family Foundation,2021,OKLAHOMA POLICY INC,75000,GENERAL OPERATING SUPPORT,TULSA,OK,char500:731312965_2021
Charles and Lynn Schusterman Family Foundation,2021,OKLAHOMA POLICY INC,1000,TULSA CLC WEBSITE DEVELOPMENT,TULSA,OK,char500:731312965_2021
Charles and Lynn Schusterman Family Foundation,2021,OKLAHOMA PUBLIC SCHOOL RESOURCE CENTER INC,500,"CODE.ORG PROFESSIONAL DEVELOPMENT, SUMMER SCHOLARSHIPS FOR TULSA AREA TEACHERS",OKLAHOMA CITY,OK,char500:731312965_2021
Charles and Lynn Schusterman Family Foundation,2021,OKLAHOMA PUBLIC SCHOOL RESOURCE CENTER INC,100000,GENERAL OPERATING SUPPORT AND TEACHING & LEADING INITIATIVE SCHOOL LEADER COHORT,OKLAHOMA CITY,OK,char500:731312965_2021
Charles and Lynn Schusterman Family Foundation,2021,OKLAHOMA STATE UNIVERSITY FOUNDATION,50000,A STATELY AFFAIR,NORTH HALL TULSA,OK,char500:731312965_2021
Charles and Lynn Schusterman Family Foundation,2021,OKLAHOMA STATE UNIVERSITY FOUNDATION,325000,OSU-TULSA CONTINUATION SCHOLARSHIP,NORTH HALL TULSA,OK,char500:731312965_2021
Charles and Lynn Schusterman Family Foundation,2021,OKLAHOMA STATE UNIVERSITY FOUNDATION,25000,OSU-TULSA EMERGENCY AID PROGRAM,NORTH HALL TULSA,OK,char500:731312965_2021
Charles and Lynn Schusterman Family Foundation,2021,OKLAHOMA WATCH INC,10000,GENERAL OPERATING SUPPORT,OKLAHOMA CITY,OK,char500:731312965_2021
Charles and Lynn Schusterman Family Foundation,2021,OKLAHOMA WATCH INC,5000,REPORT FOR AMERICA CORPS MEMBERS,OKLAHOMA CITY,OK,char500:731312965_2021
Charles and Lynn Schusterman Family Foundation,2021,OKLAHOMANS FOR EQUALITY INC PO BOX 2687,25000,GENERAL OPERATING SUPPORT,TULSA,OK,char500:731312965_2021
Charles and Lynn Schusterman Family Foundation,2021,ONEGOAL,100000,,,,char500:731312965_2021
Charles and Lynn Schusterman Family Foundation,2021,ONETABLE,700000,GENERAL OPERATING SUPPORT,S NEW YORK,NY,char500:731312965_2021
Charles and Lynn Schusterman Family Foundation,2021,ONETABLE,6660,GRANTEE CARE AND SUPPORT FUND,S NEW YORK,NY,char500:731312965_2021
Charles and Lynn Schusterman Family Foundation,2021,ONWARD ISRAEL USA INC.,250000,GENERAL OPERATING SUPPORT,AVE NEW YORK,NY,char500:731312965_2021
Charles and Lynn Schusterman Family Foundation,2021,ONWARD ISRAEL USA INC.,4320,GRANTEE CARE AND SUPPORT FUND,AVE NEW YORK,NY,char500:731312965_2021
Charles and Lynn Schusterman Family Foundation,2021,OPEN UP RESOURCES PO BOX 969,200000,BOOKWORMS PHASE II,GLADSTONE,OR,char500:731312965_2021
Charles and Lynn Schusterman Family Foundation,2021,OPEN UP RESOURCES PO BOX 969,20000,DEI ACCELERATOR PARTICIPATION,GLADSTONE,OR,char500:731312965_2021
Charles and Lynn Schusterman Family Foundation,2021,OPERATION BENJAMIN INC,1800,GENERAL OPERATING SUPPORT,STREET WEST HEMPSTEAD,NY,char500:731312965_2021
Charles and Lynn Schusterman Family Foundation,2021,"OSBORNE ASSOCIATION, INC.",150000,PROJECT SUPPORT TO #BEYONDROSIES,WESTCHESTER AVENUE BRONX,NY,char500:731312965_2021
Charles and Lynn Schusterman Family Foundation,2021,OSHMAN FAMILY JEWISH COMMUNITY CENTER,100000,Z3 INSPIRE ACTION,LIFE PALO ALTO,CA,char500:731312965_2021
Charles and Lynn Schusterman Family Foundation,2021,OUR VOICE NUESTRA VOZ,100000,HURRICANE RELIEF,BATON ROUGE,LA,char500:731312965_2021
Charles and Lynn Schusterman Family Foundation,2021,PALESTINIAN INTERNSHIP PROGRAM INC,24000,PALESTINIAN INTERNSHIP & MENTORSHIP PROGRAM,STREET NEW YORK,NY,char500:731312965_2021
Charles and Lynn Schusterman Family Foundation,2021,PANORAMA GLOBAL,300000,GENERAL OPERATING SUPPORT,SEATTLE,WA,char500:731312965_2021
Charles and Lynn Schusterman Family Foundation,2021,PANORAMA GLOBAL,500000,WHITE HOUSE COMMUNITY VIOLENCE INITIATIVE COLLABORATIVE,SEATTLE,WA,char500:731312965_2021
Charles and Lynn Schusterman Family Foundation,2021,PARENT CHILD CENTER OF TULSA INC,35000,ANTI-BULLYING COLLABORATION AND GENERAL OPERATING SUPPORT,BOSTON AVE TULSA,OK,char500:731312965_2021
Charles and Lynn Schusterman Family Foundation,2021,PARENT CHILD CENTER OF TULSA INC,50000,VOCA CUTS ASSISTANCE,BOSTON AVE TULSA,OK,char500:731312965_2021
Charles and Lynn Schusterman Family Foundation,2021,PARK CITY COMMUNITY FOUNDATION PO BOX 681499,25000,GENERAL OPERATING SUPPORT,PARK CITY,UT,char500:731312965_2021
Charles and Lynn Schusterman Family Foundation,2021,"PARKSIDE, INC.",50000,YOUTH BASED NEURODEVELOPMENTAL TRAINING PROGRAM FOR STAFF,TH ST TULSA,OK,char500:731312965_2021
Charles and Lynn Schusterman Family Foundation,2021,PARTNERS IN HEALTH A NONPROFIT CORPORATION,1000000,GENERAL OPERATING SUPPORT,BOSTON,MA,char500:731312965_2021
Charles and Lynn Schusterman Family Foundation,2021,PARTNERSHIP FOR SAFETY AND JUSTICE,380858,GENERAL OPERATING SUPPORT FOR HEALTH JUSTICE RECOVERY ALLIANCE TO IMPLEMENT OREGON MEASURE 110,ND AVENUE PORTLAND,OR,char500:731312965_2021
Charles and Lynn Schusterman Family Foundation,2021,PHILBROOK MUSEUM OF ART INC PO BOX 52510,1800,GENERAL OPERATING SUPPORT,TULSA,OK,char500:731312965_2021
Charles and Lynn Schusterman Family Foundation,2021,PHILBROOK MUSEUM OF ART INC PO BOX 52510,25000,MATCHING GRANT TO FAMILY PROGRAMMING,TULSA,OK,char500:731312965_2021
Charles and Lynn Schusterman Family Foundation,2021,PHILOS PROJECT INC,250000,PHILOS LEADERSHIP INSTITUTE,STREET NEW YORK,NY,char500:731312965_2021
Charles and Lynn Schusterman Family Foundation,2021,PHYSICIANS FOR REPRODUCTIVE HEALTH INC,200000,GENERAL OPERATING SUPPORT,BROADWAY NEW YORK,NY,char500:731312965_2021
Charles and Lynn Schusterman Family Foundation,2021,"PLANNED PARENTHOOD FEDERATION OF AMERICA, INC.",500000,EXPANSION OF MEDICATION ABORTION VIA TELEMEDICINE PLUS ACCOMPANYING GENERAL OPERATING SUPPORT,ST NEW YORK,NY,char500:731312965_2021
Charles and Lynn Schusterman Family Foundation,2021,"PLANNED PARENTHOOD FEDERATION OF AMERICA, INC.",1000000,GENERAL OPERATING SUPPORT,ST NEW YORK,NY,char500:731312965_2021
Charles and Lynn Schusterman Family Foundation,2021,"PLANNED PARENTHOOD FEDERATION OF AMERICA, INC.",1000000,PROJECT SUPPORT FOR PATIENT ABORTION ACCESS,ST NEW YORK,NY,char500:731312965_2021
Charles and Lynn Schusterman Family Foundation,2021,PLANNED PARENTHOOD OF ARKANSAS AND EASTERN OKLAHOMA,35000,GENERAL OPERATING SUPPORT,STREET OVERLAND PARK,KS,char500:731312965_2021
Charles and Lynn Schusterman Family Foundation,2021,PLANNED PARENTHOOD OF ARKANSAS AND EASTERN OKLAHOMA,100000,GP OKLAHOMA EMERGENCY SURGE OPERATIONS GRANT,STREET OVERLAND PARK,KS,char500:731312965_2021
Charles and Lynn Schusterman Family Foundation,2021,POLICY INNOVATORS IN EDUCATION NETWORK INC,200000,GENERAL OPERATING SUPPORT,HENNEPIN AVE MINNEAPOLIS,MN,char500:731312965_2021
Charles and Lynn Schusterman Family Foundation,2021,POLICYLINK,25000,BUILDING BEYOND POLICING VIRTUAL SUMMIT,OAKLAND,CA,char500:731312965_2021
Charles and Lynn Schusterman Family Foundation,2021,PRACTICE MAKES PERFECT HOLDINGS PBC,500000,VIRTUAL SUMMER PROGRAMMING SUPPORT,BROADWAY NEW YORK,NY,char500:731312965_2021
Charles and Lynn Schusterman Family Foundation,2021,81-1307746 FOR PROFIT PROJECT ELF INC,20000,GENERAL OPERATING SUPPORT,TULSA,OK,char500:731312965_2021
Charles and Lynn Schusterman Family Foundation,2021,PROJECT KESHER,100000,GENERAL OPERATING SUPPORT,NEW YORK,NY,char500:731312965_2021
Charles and Lynn Schusterman Family Foundation,2021,PROPEL AMERICA,250000,PROPOSAL TO RHODE ISLAND,BOSTON,MA,char500:731312965_2021
Charles and Lynn Schusterman Family Foundation,2021,PROTECT DEMOCRACY PROJECT,500000,GENERAL OPERATING SUPPORT,AVE NE WASHINGTON,DC,char500:731312965_2021
Charles and Lynn Schusterman Family Foundation,2021,PROTEUS FUND INC,250000,GENERAL OPERATING SUPPORT,RESEARCH DRIVE AMHERST,MA,char500:731312965_2021
Charles and Lynn Schusterman Family Foundation,2021,PUBLIC AGENDA INC,157650,TEACHER NARRATIVES EXPANDED COMMUNICATIONS STRATEGY,BROOKLYN,NY,char500:731312965_2021
Charles and Lynn Schusterman Family Foundation,2021,PUBLIC IMPACT,200000,SUPPORT FOR OPPORTUNITY CULTURE,MAIN STREET CARRBORO,NC,char500:731312965_2021
Charles and Lynn Schusterman Family Foundation,2021,56-2200264 FOR PROFIT PUBLIC POLICY AND EDUCATION FUND OF NEW YORK INC,12000,GENERAL OPERATING SUPPORT,CENTRAL AVE ALBANY,NY,char500:731312965_2021
Charles and Lynn Schusterman Family Foundation,2021,RAMAH IN THE ROCKIES,150000,BAMIDBAR WILDERNESS THERAPY,DENVER,CO,char500:731312965_2021
Charles and Lynn Schusterman Family Foundation,2021,RAND CORPORATION,500000,AMERICAN INSTRUCTIONAL RESOURCES SURVEY,STREET SANTA MONICA,CA,char500:731312965_2021
Charles and Lynn Schusterman Family Foundation,2021,RE:POWER FUND,250000,GENERAL OPERATING SUPPORT,NICOLLET AVE MINNEAPOLIS,MN,char500:731312965_2021
Charles and Lynn Schusterman Family Foundation,2021,"CHARITY, TYPE 1 REACH OUT AND READ INC",25000,RX FOR EARLY LITERACY IN THE TULSA METROPOLITAN REGION,BOSTON,MA,char500:731312965_2021
Charles and Lynn Schusterman Family Foundation,2021,READING PARTNERS,215000,GENERAL OPERATING SUPPORT,TULSA,OK,char500:731312965_2021
Charles and Lynn Schusterman Family Foundation,2021,REBOOT,200000,GENERAL OPERATING SUPPORT,LONGMEADOW,MA,char500:731312965_2021
Charles and Lynn Schusterman Family Foundation,2021,RECIDIVIZ INC,500000,CEMENT THE CHANGE,PINE LN PROVO,UT,char500:731312965_2021
Charles and Lynn Schusterman Family Foundation,2021,RECTOR & VISITORS OF THE UNIVERSITY OF VIRGINIA,-51123,DCPS LEAP RESEARCH PROJECT,CHARLOTTSVILLE,VA,char500:731312965_2021
Charles and Lynn Schusterman Family Foundation,2021,RECTOR & VISITORS OF THE UNIVERSITY OF VIRGINIA OFFICE OF SPONSORED PROGRAMS 1001 NORTH EMMET STREET,482509,RESEARCH FUNDING FOR IPG/IPRT,CHARLOTTSVILLE,VA,char500:731312965_2021
Charles and Lynn Schusterman Family Foundation,2021,REGENTS OF THE UNIVERSITY OF CALIFORNIA AT BERKELEY,250000,DEBT FREE JUSTICE CAMPAIGN AT THE UC BERKELEY POLICY ADVOCACY CLINIC,ALUMNI RELATIONS BERKELEY,CA,char500:731312965_2021
Charles and Lynn Schusterman Family Foundation,2021,REGENTS OF THE UNIVERSITY OF MICHIGAN,85000,POVERTY SOLUTIONS,FLEMING ANN ARBOR,MI,char500:731312965_2021
Charles and Lynn Schusterman Family Foundation,2021,RELAY GRADUATE SCHOOL OF EDUCATION,1500000,GENERAL OPERATING SUPPORT,ST NEW YORK,NY,char500:731312965_2021
Charles and Lynn Schusterman Family Foundation,2021,REPAIR THE WORLD INC,300000,GENERAL OPERATING SUPPORT,NEW YORK,NY,char500:731312965_2021
Charles and Lynn Schusterman Family Foundation,2021,REPAIR THE WORLD INC,9540,GRANTEE CARE AND SUPPORT FUND,NEW YORK,NY,char500:731312965_2021
Charles and Lynn Schusterman Family Foundation,2021,REPAIR THE WORLD INC,125000,JEWISH SERVICE ALLIANCE EXPANSION (JCRIF RESET),NEW YORK,NY,char500:731312965_2021
Charles and Lynn Schusterman Family Foundation,2021,REPAIR THE WORLD INC,15000,PROJECT BAYIT,NEW YORK,NY,char500:731312965_2021
Charles and Lynn Schusterman Family Foundation,2021,REPAIR THE WORLD INC,3000000,STRATEGIC GROWTH AND CAPACITY BUILDING PLAN SUPPORT,NEW YORK,NY,char500:731312965_2021
Charles and Lynn Schusterman Family Foundation,2021,RESEARCH FOUNDATION OF THE CITY UNIVERSITY OF NEW YORK,100000,GENERAL OPERATING SUPPORT,STREET NEW YORK,NY,char500:731312965_2021
Charles and Lynn Schusterman Family Foundation,2021,RESONANCE CENTER FOR WOMEN INC.,50000,DENTAL ASSISTANCE FOR CLIENTS IN EMPLOYMENT PROGRAMMING,ELWOOD AVE TULSA,OK,char500:731312965_2021
Charles and Lynn Schusterman Family Foundation,2021,RESONANCE CENTER FOR WOMEN INC.,78000,EDUCATION SPECIALIST AND TCC COURSE COMPONENT,ELWOOD AVE TULSA,OK,char500:731312965_2021
Charles and Lynn Schusterman Family Foundation,2021,RESOURCE FOUNDATION INC,10000,GENERAL OPERATING SUPPORT,AVENUE NEW YORK,NY,char500:731312965_2021
Charles and Lynn Schusterman Family Foundation,2021,RESPECTABILITY,75000,JEWISH DISABILITY INCLUSION AND EDUCATION WORK,ROCKVILLE,MD,char500:731312965_2021
Charles and Lynn Schusterman Family Foundation,2021,RESTORE HOPE MINISTRIES INC,75000,GENERAL OPERATING SUPPORT,PAGE BLVD TULSA,OK,char500:731312965_2021
Charles and Lynn Schusterman Family Foundation,2021,REVITALIZE T-TOWN,10000,GENERAL OPERATING SUPPORT,TH STREET TULSA,OK,char500:731312965_2021
Charles and Lynn Schusterman Family Foundation,2021,REWIRE NEWS GROUP,175000,GENERAL OPERATING SUPPORT,MCLEAN,VA,char500:731312965_2021
Charles and Lynn Schusterman Family Foundation,2021,RI CENTER FOR PROGRESSIVE EDUCATION,250000,GENERAL OPERATING SUPPORT,ND FLOOR PROVIDENCE,RI,char500:731312965_2021
Charles and Lynn Schusterman Family Foundation,2021,"RISE, INC.",200000,GENERAL OPERATING SUPPORT,WASHINGTON,DC,char500:731312965_2021
Charles and Lynn Schusterman Family Foundation,2021,RIVER PARKS FOUNDATION,250000,TURKEY MOUNTAIN TRAILS PROJECT,TULSA,OK,char500:731312965_2021
Charles and Lynn Schusterman Family Foundation,2021,ROBIN HOOD FOUNDATION,1000000,POWER FUND MATCHING GRANT,FLOOR NEW YORK,NY,char500:731312965_2021
Charles and Lynn Schusterman Family Foundation,2021,ROCKEFELLER PHILANTHROPY ADVISORS INC,5000000,COLLABORATIVE FOR GENDER + REPRODUCTIVE EQUITY,FLOOR NEW YORK,NY,char500:731312965_2021
Charles and Lynn Schusterman Family Foundation,2021,ROCKEFELLER PHILANTHROPY ADVISORS INC,2000000,COLLECTIVE FUTURE FUND,FLOOR NEW YORK,NY,char500:731312965_2021
Charles and Lynn Schusterman Family Foundation,2021,ROCKEFELLER PHILANTHROPY ADVISORS INC,1000000,GENERAL OPERATING SUPPORT,FLOOR NEW YORK,NY,char500:731312965_2021
Charles and Lynn Schusterman Family Foundation,2021,ROI COMMUNITY - ISRAEL,2084000,,,,char500:731312965_2021
Charles and Lynn Schusterman Family Foundation,2021,REGISTERED AMUTAH ROOT & REBOUND,200000,GENERAL OPERATING SUPPORT,OAKLAND,CA,char500:731312965_2021
Charles and Lynn Schusterman Family Foundation,2021,"SADIE NASH LEADERSHIP PROJECT, INC.",118000,SUMMER INSTITUTE-SUMMER LEARNING,STREET NEW YORK,NY,char500:731312965_2021
Charles and Lynn Schusterman Family Foundation,2021,"7 DERECH BEIT LECHEM ST JERUSALEM, 93553 SFI GRANTS",38091079,,,,char500:731312965_2021
Charles and Lynn Schusterman Family Foundation,2021,REGISTERED AMUTAH SECOND CHANCE STUDIOS,225000,,,,char500:731312965_2021
Charles and Lynn Schusterman Family Foundation,2021,SEFARIA,200000,CREATING AN INCLUSIVE AND DIVERSE HOME FOR THE JEWISH TEXTUAL TRADITION AND CONVERSATIONS OF THE FUTURE,BROOKLYN,NY,char500:731312965_2021
Charles and Lynn Schusterman Family Foundation,2021,"SEXUALITY INFORMATION AND EDUCATION COUNCIL OF THE UNITED STATES, INC.",100000,GENERAL OPERATING SUPPORT,WASHINGTON,DC,char500:731312965_2021
Charles and Lynn Schusterman Family Foundation,2021,SHALOM AUSTIN,1018,GENERAL OPERATING SUPPORT,HART LANE AUSTIN,TX,char500:731312965_2021
Charles and Lynn Schusterman Family Foundation,2021,SHALOM HARTMAN INSTITUTE OF NORTH AMERICA,90000,CENTER FOR RELIGION AND STATE PLANNING GRANT,NEW YORK,NY,char500:731312965_2021
Charles and Lynn Schusterman Family Foundation,2021,SHALOM HARTMAN INSTITUTE OF NORTH AMERICA,200000,EXPANDING THE IENGAGE PROGRAM,NEW YORK,NY,char500:731312965_2021
Charles and Lynn Schusterman Family Foundation,2021,SHALOM HARTMAN INSTITUTE OF NORTH AMERICA,6660,GRANTEE CARE AND SUPPORT FUND,NEW YORK,NY,char500:731312965_2021
Charles and Lynn Schusterman Family Foundation,2021,SHALOM HARTMAN INSTITUTE OF NORTH AMERICA,25000,JEWISH COMMUNITY RESPONSE AND IMPACT FUND ALIGNED GRANT PROGRAM,NEW YORK,NY,char500:731312965_2021
Charles and Lynn Schusterman Family Foundation,2021,SHERWIN MILLER MUSEUM OF JEWISH ART INC,5000,GENERAL OPERATING SUPPORT,ST ST TULSA,OK,char500:731312965_2021
Charles and Lynn Schusterman Family Foundation,2021,SILICON SCHOOLS FUND INC,600000,ELEVATE GRANT INITIATIVE,BROADWAY OAKLAND,CA,char500:731312965_2021
Charles and Lynn Schusterman Family Foundation,2021,SILICON VALLEY DE-BUG,375000,GENERAL OPERATING SUPPORT,AVE SAN JOSE,CA,char500:731312965_2021
Charles and Lynn Schusterman Family Foundation,2021,SISTERREACH,150000,GENERAL OPERATING SUPPORT,CLARKE ROAD MEMPHIS,TN,char500:731312965_2021
Charles and Lynn Schusterman Family Foundation,2021,SLINGSHOT FUND INC,100000,SLINGSHOT PHILANTHROPIC FELLOWSHIP,AVE NEW YORK,NY,char500:731312965_2021
Charles and Lynn Schusterman Family Foundation,2021,SOCIAL AND ENVIRONMENTAL ENTREPRENEURS INC.,100000,,,,char500:731312965_2021
Charles and Lynn Schusterman Family Foundation,2021,SOUTH PEORIA NEIGHBORHOOD CONNECTION FOUNDATION,50000,GENERAL OPERATING SUPPORT,PEORIA AVENUE TULSA,OK,char500:731312965_2021
Charles and Lynn Schusterman Family Foundation,2021,SOUTHERN EDUCATION FOUNDATION INC INSTITUTIONAL DEPARTMENT,150000,OUTCOMES-BASED CONTRACTING FOR MATH TUTORING,ATLANTA,GA,char500:731312965_2021
Charles and Lynn Schusterman Family Foundation,2021,ST LOUIS PUBLIC SCHOOLS FOUNDATION,250000,GENERAL OPERATING SUPPORT,STREET ST LOUIS,MO,char500:731312965_2021
Charles and Lynn Schusterman Family Foundation,2021,STAND FOR CHILDREN LEADERSHIP CENTER,275000,ADDRESSING THE FAST-GROWING ANTIRACISM BACKLASH,PORTLAND,OR,char500:731312965_2021
Charles and Lynn Schusterman Family Foundation,2021,STAND FOR CHILDREN LEADERSHIP CENTER,2000000,GENERAL OPERATING SUPPORT,PORTLAND,OR,char500:731312965_2021
Charles and Lynn Schusterman Family Foundation,2021,STAND FOR CHILDREN LEADERSHIP CENTER,3000000,NINTH GRADE SUCCESS,PORTLAND,OR,char500:731312965_2021
Charles and Lynn Schusterman Family Foundation,2021,STATE INNOVATION EXCHANGE PO BOX 260230,500000,PROJECT SUPPORT FOR THE REPRODUCTIVE FREEDOM PROGRAM,MADISON,WI,char500:731312965_2021
Charles and Lynn Schusterman Family Foundation,2021,"CHARITY, TYPE 1 STEM TO THE FUTURE",30500,SUMMER LEARNING | FREEDOM SUMMER CAMP,LOS ANGELES,CA,char500:731312965_2021
Charles and Lynn Schusterman Family Foundation,2021,STEPHEN C ROSE LEGACY FOUNDATION PO BOX 9070,45000,SUMMER LEARNING GRANT,PROVIDENCE,RI,char500:731312965_2021
Charles and Lynn Schusterman Family Foundation,2021,STREET SCHOOL INC,50000,GENERAL OPERATING SUPPORT,YALE AVE TULSA,OK,char500:731312965_2021
Charles and Lynn Schusterman Family Foundation,2021,STUDENT ACHIEVEMENT PARTNERS INC.,286935,IPRT/IPG RESEARCH GRANT,ST NEW YORK,NY,char500:731312965_2021
Charles and Lynn Schusterman Family Foundation,2021,SUKKAT SHALOM INC,30000,JEWTINA Y CO. SUPPORT,KEYSTONE AVE RENO,NV,char500:731312965_2021
Charles and Lynn Schusterman Family Foundation,2021,SURGE INSTITUTE,800000,GENERAL OPERATING SUPPORT,CHICAGO,IL,char500:731312965_2021
Charles and Lynn Schusterman Family Foundation,2021,TAMID GROUP,600000,GENERAL OPERATING SUPPORT,SILVER SPRING,MD,char500:731312965_2021
Charles and Lynn Schusterman Family Foundation,2021,TAMID GROUP,3240,GRANTEE CARE AND SUPPORT FUND,SILVER SPRING,MD,char500:731312965_2021
Charles and Lynn Schusterman Family Foundation,2021,TAMID GROUP,300000,IMPACT ACCELERATION AND GROWTH,SILVER SPRING,MD,char500:731312965_2021
Charles and Lynn Schusterman Family Foundation,2021,TEACH FOR AMERICA INC,1000000,GENERAL OPERATING SUPPORT,NEW YORK,NY,char500:731312965_2021
Charles and Lynn Schusterman Family Foundation,2021,TEACH FOR AMERICA INC,20000,TEXAS STORY RECOVERY SUPPORT [EMERGENCY SUPPORT],NEW YORK,NY,char500:731312965_2021
Charles and Lynn Schusterman Family Foundation,2021,TEACH PLUS INCORPORATED,1400000,GENERAL OPERATING SUPPORT,BOSTON,MA,char500:731312965_2021
Charles and Lynn Schusterman Family Foundation,2021,TEACHERS COLLEGE COLUMBIA UNIVERSITY,100000,GENERAL OPERATING SUPPORT,STREET NEW YORK,NY,char500:731312965_2021
Charles and Lynn Schusterman Family Foundation,2021,TEACHERS COLLEGE COLUMBIA UNIVERSITY,474369,"RESEARCH ACTIVITY RELATED TO ""THE IMPACT OF INCOME ON BRAIN DEVELOPMENT DURING THE FIRST THREE YEARS OF LIFE.""",STREET NEW YORK,NY,char500:731312965_2021
Charles and Lynn Schusterman Family Foundation,2021,TEACHING LAB PO BOX 73008 WASHINGTON,500000,GENERAL OPERATING SUPPORT,,,char500:731312965_2021
Charles and Lynn Schusterman Family Foundation,2021,TEACH-ORG INC,20000,PROMISE54 DEI ACCELERATOR PARTICIPATION,KINGS ROAD BRISANE,CA,char500:731312965_2021
Charles and Lynn Schusterman Family Foundation,2021,"TECHNICAL ASSISTANCE COLLABORATIVE, INC.",25000,MEDICAID CRISIS RESPONSE,TH FLOOR BOSTON,MA,char500:731312965_2021
Charles and Lynn Schusterman Family Foundation,2021,TEXAS LOW INCOME HOUSING INFORMATION SERVICE,325000,GENERAL OPERATING SUPPORT,TH STREET AUSTIN,TX,char500:731312965_2021
Charles and Lynn Schusterman Family Foundation,2021,TEXAS TECH FOUNDATION INC PO BOX 41081,250000,CURRICULUM DESIGN WORK,LUBBOCK,TX,char500:731312965_2021
Charles and Lynn Schusterman Family Foundation,2021,"THE 74 MEDIA, INC.",125000,GENERAL OPERATING SUPPORT,NEW YORK,NY,char500:731312965_2021
Charles and Lynn Schusterman Family Foundation,2021,THE ADMINISTRATORS OF THE TULANE EDUCATIONAL FUND,148500,U.S.-ISRAEL ENERGY RESEARCH INNOVATION CENTER AT TULANE UNIVERSITY,NEW ORLEANS,LA,char500:731312965_2021
Charles and Lynn Schusterman Family Foundation,2021,THE AFIYA CENTER,100000,PROJECT SUPPORT FOR YOUR SISTAH ABORTION FUND,DALLAS,TX,char500:731312965_2021
Charles and Lynn Schusterman Family Foundation,2021,THE ASPEN INSTITUTE INC,600000,EDUCATION PROGRAM,WASHINGTON,DC,char500:731312965_2021
Charles and Lynn Schusterman Family Foundation,2021,THE ASPEN INSTITUTE INC,380000,RISING PRESIDENTS FELLOWSHIP,WASHINGTON,DC,char500:731312965_2021
Charles and Lynn Schusterman Family Foundation,2021,THE BLUE CARD INC,150000,CRITICAL CARE NEEDS FOR HOLOCAUST SURVIVORS,NEW YORK,NY,char500:731312965_2021
Charles and Lynn Schusterman Family Foundation,2021,THE BRIGID ALLIANCE INC PO BOX 58,300000,GENERAL OPERATING SUPPORT,NEW YORK,NY,char500:731312965_2021
Charles and Lynn Schusterman Family Foundation,2021,THE BRONX DEFENDERS,100000,THE CENTER FOR HOLISTIC DEFENSE,ST STREET BRONX,NY,char500:731312965_2021
Charles and Lynn Schusterman Family Foundation,2021,THE CENTER FOR HOUSING SOLUTIONS INC,250000,EMERGENCY HOUSING,TULSA,OK,char500:731312965_2021
Charles and Lynn Schusterman Family Foundation,2021,THE EQUITY INSTITUTE,50000,DIVERSIFYING THE EDUCATOR PIPELINE,DYER STREET PROVIDENCE,RI,char500:731312965_2021
Charles and Lynn Schusterman Family Foundation,2021,THE GOOD NATION FOUNDATION INC.,300000,FUNDER COLLABORATIVE TO TRANSFORM THE NYC DOC (RIKERS ISLAND),STREET NEW YORK,NY,char500:731312965_2021
Charles and Lynn Schusterman Family Foundation,2021,THE JED FOUNDATION PO BOX 412945,100000,GENERAL OPERATING SUPPORT TO THE S2I PROJECT,BOSTON,MA,char500:731312965_2021
Charles and Lynn Schusterman Family Foundation,2021,THE JEWISH FEDERATION OF GREATER WASHINGTON,100000,AFGHAN REFUGEE RESETTLEMENT AND ADVOCACY,BLVD NORTH BETHESDA,MD,char500:731312965_2021
Charles and Lynn Schusterman Family Foundation,2021,THE JEWISH FEDERATION OF GREATER WASHINGTON,10000,FEASIBILITY STUDY ON A NATIONAL UNITY SEDER ON THE NATIONAL MALL,BLVD NORTH BETHESDA,MD,char500:731312965_2021
Charles and Lynn Schusterman Family Foundation,2021,THE OAKLAND PUBLIC EDUCATION FUND PO BOX 71005,71194,EMERGENCY SUPPORT FOR RECONSTRUCTION HIGH DOSAGE TUTORING,OAKLAND,CA,char500:731312965_2021
Charles and Lynn Schusterman Family Foundation,2021,THE RHODE ISLAND COMMUNITY FOUNDATION ONE UNION STATION,100000,PROVIDENCE PUBLIC SCHOOL DISTRICT EMERGENCY SUPPORT FOR COVID,PROVIDENCE,RI,char500:731312965_2021
Charles and Lynn Schusterman Family Foundation,2021,THE ROOSEVELT INSTITUTE,150000,GENERAL OPERATING SUPPORT,AVE NEW YORK,NY,char500:731312965_2021
Charles and Lynn Schusterman Family Foundation,2021,THE TRISTESSE GRIEF CENTER,10000,GENERAL OPERATING SUPPORT,ST STREET TULSA,OK,char500:731312965_2021
Charles and Lynn Schusterman Family Foundation,2021,"THE TRUSTEES OF PRINCETON UNIVERSITY OFFICE OF RESEARCH AND PROJECT ADMINISTRATION, PO BOX 0036",68856,"""INCARCERATION AND INCOME INSECURITY IN OLD AGE” RESEARCH PROJECT",PRINCETON,NJ,char500:731312965_2021
Charles and Lynn Schusterman Family Foundation,2021,TIDES CENTER PO BOX 889385,750000,GENERAL OPERATING SUPPORT TO FAIR AND JUST PROSECUTION,LOS ANGELES,CA,char500:731312965_2021
Charles and Lynn Schusterman Family Foundation,2021,TIDES CENTER PO BOX 889385,1260,GRANTEE CARE AND SUPPORT FUND,LOS ANGELES,CA,char500:731312965_2021
Charles and Lynn Schusterman Family Foundation,2021,TIDES CENTER PO BOX 889385,150000,JEWS OF COLOR INITIATIVE,LOS ANGELES,CA,char500:731312965_2021
Charles and Lynn Schusterman Family Foundation,2021,TIDES FOUNDATION PO BOX 889385,600000,GENERAL OPERATING SUPPORT,LOS ANGELES,CA,char500:731312965_2021
Charles and Lynn Schusterman Family Foundation,2021,TIMES UP FOUNDATION,500000,TIME'S UP IN A TIME OF UNCERTAINTY,ENCINO,CA,char500:731312965_2021
Charles and Lynn Schusterman Family Foundation,2021,TNTP INC,250000,ELEVATING COMMUNITY VOICES,FLOOR NEW YORK,NY,char500:731312965_2021
Charles and Lynn Schusterman Family Foundation,2021,TNTP INC,2500000,GENERAL OPERATING SUPPORT,FLOOR NEW YORK,NY,char500:731312965_2021
Charles and Lynn Schusterman Family Foundation,2021,"TRI-CITY COLLECTIVE, INC. PO BOX 14057",35000,SOCIAL JUSTICE THROUGH CREATIVE EXPRESSION,TULSA,OK,char500:731312965_2021
Charles and Lynn Schusterman Family Foundation,2021,"TRI-CITY COLLECTIVE, INC. PO BOX 14057",12000,SOCIETY'S CAGE PUBLIC ART PROJECT,TULSA,OK,char500:731312965_2021
Charles and Lynn Schusterman Family Foundation,2021,"TRUFUND FINANCIAL SERVICES, INC.",1000000,LAFAYETTE SQUARE FOUNDATION,STREET NEW YORK,NY,char500:731312965_2021
Charles and Lynn Schusterman Family Foundation,2021,TRUSTEES OF COLUMBIA UNIVERSITY IN THE CITY OF NEW YORK,50000,CENTER ON POVERTY AND SOCIAL POLICY,STREET NEW YORK,NY,char500:731312965_2021
Charles and Lynn Schusterman Family Foundation,2021,TRUSTEES OF COLUMBIA UNIVERSITY IN THE CITY OF NEW YORK,50000,"INTERDISCIPLINARY CONVENING OF REPRODUCTIVE JUSTICE AND ENVIRONMENTAL JUSTICE SCIENTISTS, ACTIVISTS, AND ADVOCATES TO STRENGTHEN CONNECTIONS FOR EVIDENCE AND ACTION",STREET NEW YORK,NY,char500:731312965_2021
Charles and Lynn Schusterman Family Foundation,2021,TULSA ADVOCATES FOR THE PROTECTION OF CHILDREN INC,26000,GENERAL OPERATING SUPPORT,ST STREET TULSA,OK,char500:731312965_2021
Charles and Lynn Schusterman Family Foundation,2021,TULSA AREA UNITED WAY,349985,GENERAL OPERATING SUPPORT,BOULDER AVE TULSA,OK,char500:731312965_2021
Charles and Lynn Schusterman Family Foundation,2021,TULSA BALLET THEATER INC,6000,GENERAL OPERATING SUPPORT,TH PLACE TULSA,OK,char500:731312965_2021
Charles and Lynn Schusterman Family Foundation,2021,TULSA BALLET THEATER INC,125000,UNDERWRITE 1921 TULSA RACE MASSACRE PERFORMANCE,TH PLACE TULSA,OK,char500:731312965_2021
Charles and Lynn Schusterman Family Foundation,2021,TULSA CHARITY FLIGHT NIGHT INC PO BOX 21228,50000,GENERAL OPERATING SUPPORT,TULSA,OK,char500:731312965_2021
Charles and Lynn Schusterman Family Foundation,2021,TULSA CHILDREN'S MUSEUM,1000000,DISCOVERY LAB CAPITAL CAMPAIGN AT A GATHERING PLACE FOR TULSA,MAYBELLE AVE TULSA,OK,char500:731312965_2021
Charles and Lynn Schusterman Family Foundation,2021,TULSA CHILDREN'S MUSEUM,10000,GENERAL OPERATING SUPPORT,MAYBELLE AVE TULSA,OK,char500:731312965_2021
Charles and Lynn Schusterman Family Foundation,2021,TULSA COMMUNITY COLLEGE FOUNDATION,15000,COVID RELATED EMERGENCY SUPPORT,TULSA,OK,char500:731312965_2021
Charles and Lynn Schusterman Family Foundation,2021,TULSA COMMUNITY COLLEGE FOUNDATION,250000,FACILITIES ASSESSMENT AND PLANNING PROJECT,TULSA,OK,char500:731312965_2021
Charles and Lynn Schusterman Family Foundation,2021,TULSA COMMUNITY COLLEGE FOUNDATION,30000,FINANCIAL AID FOR ENGLISH AS A SECOND LANGUAGE (ESL) STUDENTS,TULSA,OK,char500:731312965_2021
Charles and Lynn Schusterman Family Foundation,2021,TULSA COMMUNITY COLLEGE FOUNDATION,25000,GENERAL OPERATING SUPPORT,TULSA,OK,char500:731312965_2021
Charles and Lynn Schusterman Family Foundation,2021,TULSA COMMUNITY COLLEGE FOUNDATION,7035,HIGHER EDUCATION BRIDGE FOR TPS GRADUATES,TULSA,OK,char500:731312965_2021
Charles and Lynn Schusterman Family Foundation,2021,TULSA COMMUNITY FOUNDATION,100000,1921 TULSA RACE MASSACRE SURVIVORS,TULSA,OK,char500:731312965_2021
Charles and Lynn Schusterman Family Foundation,2021,TULSA COMMUNITY FOUNDATION,100000,ARTS ALLIANCE TULSA AGENCY DISTRIBUTIONS,TULSA,OK,char500:731312965_2021
Charles and Lynn Schusterman Family Foundation,2021,TULSA COMMUNITY FOUNDATION,125000,"BLACK TECH STREET, SUPPORT",TULSA,OK,char500:731312965_2021
Charles and Lynn Schusterman Family Foundation,2021,TULSA COMMUNITY FOUNDATION,10000,BLUEPRINT918 OPERATING SUPPORT,TULSA,OK,char500:731312965_2021
Charles and Lynn Schusterman Family Foundation,2021,TULSA COMMUNITY FOUNDATION,750000,BUILD IN TULSA GENERAL OPERATING SUPPORT,TULSA,OK,char500:731312965_2021
Charles and Lynn Schusterman Family Foundation,2021,TULSA COMMUNITY FOUNDATION,1000000,CITY OF TULSA'S AFFORDABLE HOUSING TRUST FUND,TULSA,OK,char500:731312965_2021
Charles and Lynn Schusterman Family Foundation,2021,TULSA COMMUNITY FOUNDATION,100000,EMERGENCY RESPONSE COVID-19 RELIEF FUND TO SUPPORT TULSA'S IMMIGRANT COMMUNITY,TULSA,OK,char500:731312965_2021
Charles and Lynn Schusterman Family Foundation,2021,TULSA COMMUNITY FOUNDATION,79350,GENERAL OPERATING SUPPORT,TULSA,OK,char500:731312965_2021
Charles and Lynn Schusterman Family Foundation,2021,TULSA COMMUNITY FOUNDATION,240000,HOLBERTON SCHOOL LIVING STIPENDS,TULSA,OK,char500:731312965_2021
Charles and Lynn Schusterman Family Foundation,2021,TULSA COMMUNITY FOUNDATION,225000,HUNGER FREE OKLAHOMA GENERAL OPERATING SUPPORT,TULSA,OK,char500:731312965_2021
Charles and Lynn Schusterman Family Foundation,2021,TULSA COMMUNITY FOUNDATION,350000,IMPACTTULSA GENERAL OPERATING SUPPORT,TULSA,OK,char500:731312965_2021
Charles and Lynn Schusterman Family Foundation,2021,TULSA COMMUNITY FOUNDATION,18000,LONG TERM CARE APARTMENT FURNISHING -THE WELCOME FUND #91-0062-KY-3,TULSA,OK,char500:731312965_2021
Charles and Lynn Schusterman Family Foundation,2021,TULSA COMMUNITY FOUNDATION,270350,MY DREAM SCHOLARSHIP FUND,TULSA,OK,char500:731312965_2021
Charles and Lynn Schusterman Family Foundation,2021,TULSA COMMUNITY FOUNDATION,10000,OKLAHOMA STATE REGENTS OF HIGHER EDUCATION CHANCELLOR GLEN D. JOHNSON SCHOLARSHIP,TULSA,OK,char500:731312965_2021
Charles and Lynn Schusterman Family Foundation,2021,TULSA COMMUNITY FOUNDATION,125000,PRECONCEPTION & SEXUAL HEALTH EDUCATION AND OUTREACH,TULSA,OK,char500:731312965_2021
Charles and Lynn Schusterman Family Foundation,2021,TULSA COMMUNITY FOUNDATION,65000,R&G GROCERS FOOD ACCESS INITIATIVES,TULSA,OK,char500:731312965_2021
Charles and Lynn Schusterman Family Foundation,2021,TULSA COMMUNITY FOUNDATION,115000,REVOLVE,TULSA,OK,char500:731312965_2021
Charles and Lynn Schusterman Family Foundation,2021,TULSA COMMUNITY FOUNDATION,90000,SUPPLIED FOR SUCCESS,TULSA,OK,char500:731312965_2021
Charles and Lynn Schusterman Family Foundation,2021,TULSA COMMUNITY FOUNDATION,25000,"TERENCE CRUTCHER FOUNDATION, GENERAL OPERATING SUPPORT",TULSA,OK,char500:731312965_2021
Charles and Lynn Schusterman Family Foundation,2021,TULSA COMMUNITY FOUNDATION,300000,TULSA HIGHER EDUCATION CONSORTIUM OPERATING SUPPORT,TULSA,OK,char500:731312965_2021
Charles and Lynn Schusterman Family Foundation,2021,TULSA COMMUNITY FOUNDATION,500000,TULSA RACE MASSACRE CENTENNIAL COMMISSION CAPITAL CAMPAIGN,TULSA,OK,char500:731312965_2021
Charles and Lynn Schusterman Family Foundation,2021,TULSA COMMUNITY FOUNDATION,20000,"TULSA TALENT PLANNING FUND, PLANNING GRANT",TULSA,OK,char500:731312965_2021
Charles and Lynn Schusterman Family Foundation,2021,TULSA COMMUNITY FOUNDATION,25000,TULSA TOMORROW/GROW JEWISH TULSA,TULSA,OK,char500:731312965_2021
Charles and Lynn Schusterman Family Foundation,2021,TULSA COMMUNITY FOUNDATION,25000,TULSA VOTER REGISTRATION AND COMMUNITY ORGANIZING SUPPORT,TULSA,OK,char500:731312965_2021
Charles and Lynn Schusterman Family Foundation,2021,TULSA COMMUNITY FOUNDATION,100000,TULSA YOUTH SUMMER PROGRAM FUND,TULSA,OK,char500:731312965_2021
Charles and Lynn Schusterman Family Foundation,2021,TULSA COMMUNITY FOUNDATION,500000,TULSA'S GATHERING PLACE - PHASE I,TULSA,OK,char500:731312965_2021
Charles and Lynn Schusterman Family Foundation,2021,TULSA COMMUNITY FOUNDATION,10000,TYPROS FOUNDATION GRANT CYCLE,TULSA,OK,char500:731312965_2021
Charles and Lynn Schusterman Family Foundation,2021,TULSA CONGREGATION B'NAI EMUNAH PO BOX 52430,20000,GENERAL OPERATING SUPPORT,TULSA,OK,char500:731312965_2021
Charles and Lynn Schusterman Family Foundation,2021,TULSA DAY CENTER INC PO BOX 1019,500000,CAPITAL SUPPORT,TULSA,OK,char500:731312965_2021
Charles and Lynn Schusterman Family Foundation,2021,TULSA DAY CENTER INC PO BOX 1019,5000,GENERAL OPERATING SUPPORT,TULSA,OK,char500:731312965_2021
Charles and Lynn Schusterman Family Foundation,2021,TULSA DEBATE LEAGUE PO BOX 35711,45000,GENERAL OPERATING SUPPORT,TULSA,OK,char500:731312965_2021
Charles and Lynn Schusterman Family Foundation,2021,TULSA ECONOMIC DEVELOPMENT CORPORATION,50000,CAPACITY SUPPORT FOR AFFORDABLE HOUSING AND ACCESS TO CAPITAL IN UNDERSERVED NEIGHBORHOODS,SECOND FLOOR TULSA,OK,char500:731312965_2021
Charles and Lynn Schusterman Family Foundation,2021,TULSA GARDEN CENTER INC,618,GENERAL OPERATING SUPPORT,PEORIA AVE TULSA,OK,char500:731312965_2021
Charles and Lynn Schusterman Family Foundation,2021,TULSA GARDEN CENTER INC,64795,OUTDOOR CLASSROOM SUMMER PROGRAMMING SUPPORT,PEORIA AVE TULSA,OK,char500:731312965_2021
Charles and Lynn Schusterman Family Foundation,2021,TULSA GIRLS ART SCHOOL PROJECT INC,25000,SUMMER SUPPORT,ADMIRAL BLVD TULSA,OK,char500:731312965_2021
Charles and Lynn Schusterman Family Foundation,2021,TULSA GLOBAL ALLIANCE INC,2500,WORLD IN A BOX DAY,GREENWOOD AVENUE TULSA,OK,char500:731312965_2021
Charles and Lynn Schusterman Family Foundation,2021,TULSA HISTORICAL SOCIETY,5000,GENERAL OPERATING SUPPORT,PEORIA AVE TULSA,OK,char500:731312965_2021
Charles and Lynn Schusterman Family Foundation,2021,TULSA HONOR ACADEMY,150000,GENERAL OPERATING SUPPORT,LAKEWOOD AVE TULSA,OK,char500:731312965_2021
Charles and Lynn Schusterman Family Foundation,2021,TULSA HUB SYNDICATE,5000,GENERAL OPERATING SUPPORT,RD STREET TULSA,OK,char500:731312965_2021
Charles and Lynn Schusterman Family Foundation,2021,TULSA JEWISH COMMUNITY COUNCIL JEWISH FEDERATION OF TULSA,75000,GENERAL OPERATING SUPPORT,ST STREET TULSA,OK,char500:731312965_2021
Charles and Lynn Schusterman Family Foundation,2021,TULSA JEWISH COMMUNITY COUNCIL JEWISH FEDERATION OF TULSA,7365,JEWISH INTENSIFICATION,ST STREET TULSA,OK,char500:731312965_2021
Charles and Lynn Schusterman Family Foundation,2021,TULSA LAWYERS FOR CHILDREN INC. PO BOX 2254,25000,GENERAL OPERATING SUPPORT,TULSA,OK,char500:731312965_2021
Charles and Lynn Schusterman Family Foundation,2021,TULSA LEGACY CHARTER SCHOOL INC,200000,GENERAL OPERATING SUPPORT,STREET NORTH TULSA,OK,char500:731312965_2021
Charles and Lynn Schusterman Family Foundation,2021,TULSA METROPOLITAN MINISTRY PO BOX 792614,30000,AFGHAN ARRIVALS ASSISTANCE FUND,TULSA,OK,char500:731312965_2021
Charles and Lynn Schusterman Family Foundation,2021,TULSA OPERA INC,20000,ANY GIVEN CHILD AND RAISE YOUR VOICE PROGRAMS,BOULDER AVE TULSA,OK,char500:731312965_2021
Charles and Lynn Schusterman Family Foundation,2021,TULSA REGIONAL STEM ALLIANCE INC,250000,GENERAL OPERATING SUPPORT AND PROGRAMMING SUPPORT,TULSA,OK,char500:731312965_2021
Charles and Lynn Schusterman Family Foundation,2021,TULSA SCHOOL OF ARTS AND SCIENCES FOUNDATION FOR ACADEMIC EXCELLENCE,25000,GENERAL OPERATING SUPPORT,EASTON ST TULSA,OK,char500:731312965_2021
Charles and Lynn Schusterman Family Foundation,2021,"CHARITY, TYPE 1 TULSA SYMPHONY ORCHESTRA INC",10000,ALL RISE PERFORMANCE WITH LINCOLN CENTER JAZZ ORCHESTRA & WYNTON MARSALIS,TULSA,OK,char500:731312965_2021
Charles and Lynn Schusterman Family Foundation,2021,TULSA SYMPHONY ORCHESTRA INC,5000,GENERAL OPERATING SUPPORT,TULSA,OK,char500:731312965_2021
Charles and Lynn Schusterman Family Foundation,2021,TULSA SYMPHONY ORCHESTRA INC,50000,TSO EDUCATION OUTREACH CARNEGIE HALL LINK UP PROGRAM,TULSA,OK,char500:731312965_2021
Charles and Lynn Schusterman Family Foundation,2021,TULSA YOUTH ROWING ASSOCIATION PO BOX 52268,10000,GENERAL OPERATING SUPPORT,TULSA,OK,char500:731312965_2021
Charles and Lynn Schusterman Family Foundation,2021,TULSA ZOO MANAGEMENT,3000,GENERAL OPERATING SUPPORT,ST NORTH TULSA,OK,char500:731312965_2021
Charles and Lynn Schusterman Family Foundation,2021,"TULSA'S FUTURE INC ONE WEST THIRD STREET, SUITE 100",21000,GENERAL OPERATING SUPPORT,TULSA,OK,char500:731312965_2021
Charles and Lynn Schusterman Family Foundation,2021,"CHARITY, TYPE 1 TULSA'S FUTURE INC ONE WEST THIRD STREET, SUITE 100",100000,TULSA PUBLIC SCHOOLS BOND CAMPAIGN,TULSA,OK,char500:731312965_2021
Charles and Lynn Schusterman Family Foundation,2021,"CHARITY, TYPE 1 ULTRAVIOLET EDUCATION FUND PO BOX 92592 WASHINGTON",10000,BLM LOUISVILLE - ORGANIZING TRAINING / SKILLSHARE WEEK,,,char500:731312965_2021
Charles and Lynn Schusterman Family Foundation,2021,ULTRAVIOLET EDUCATION FUND PO BOX 92592 WASHINGTON,250000,GENERAL OPERATING SUPPORT,,,char500:731312965_2021
Charles and Lynn Schusterman Family Foundation,2021,UNBOUNDED LEARNING INC,300000,CRSE AUTHOR NETWORK PROJECT,NEW YORK,NY,char500:731312965_2021
Charles and Lynn Schusterman Family Foundation,2021,UNBOUNDED LEARNING INC,1200000,GENERAL OPERATING SUPPORT,NEW YORK,NY,char500:731312965_2021
Charles and Lynn Schusterman Family Foundation,2021,UNION FOR REFORM JUDAISM,100000,"REDI RESOURCES AND TRAININGS FOR RABBIS, CONGREGATIONS AND STUDENT RABBIS",NEW YORK,NY,char500:731312965_2021
Charles and Lynn Schusterman Family Foundation,2021,UNION SCHOOLS EDUCATION FOUNDATION INC,55000,UNION EARLY COLLEGE HIGH SCHOOL,ST STREET TULSA,OK,char500:731312965_2021
Charles and Lynn Schusterman Family Foundation,2021,UNITED JEWISH APPEAL FEDERATION OF JEWISH PHILANTHROPIES OF NY INC,718,COMMUNITY INITIATIVE FOR HOLOCAUST SURVIVORS,ST NEW YORK,NY,char500:731312965_2021
Charles and Lynn Schusterman Family Foundation,2021,UNITED JEWISH APPEAL FEDERATION OF JEWISH PHILANTHROPIES OF NY INC,107000,REIMAGINING ENGAGEMENT FOR JEWISH STUDENTS ON COMMUTER CAMPUSES (JCRIF RESET),ST NEW YORK,NY,char500:731312965_2021
Charles and Lynn Schusterman Family Foundation,2021,UNITED JEWISH APPEAL FEDERATION OF JEWISH PHILANTHROPIES OF NY INC,250000,SHINE A LIGHT,ST NEW YORK,NY,char500:731312965_2021
Charles and Lynn Schusterman Family Foundation,2021,UNITED WAY WORLDWIDE,200000,211 NETWORK,FAIRFAX ST ALEXANDRIA,VA,char500:731312965_2021
Charles and Lynn Schusterman Family Foundation,2021,UNITED WE DREAM NETWORK INC.,10000,GENERAL OPERATING SUPPORT,ST NW WASHINGTON,DC,char500:731312965_2021
Charles and Lynn Schusterman Family Foundation,2021,"UNIVERSITY OF CALIFORNIA, SAN FRANCISCO",390000,JUSTINNOVATE UCSF,SAN FRANCISCO,CA,char500:731312965_2021
Charles and Lynn Schusterman Family Foundation,2021,UNIVERSITY OF CHICAGO,172500,UNIVERSITY OF CHICAGO'S HEALTH LAB,ELLIS AVE CHICAGO,IL,char500:731312965_2021
Charles and Lynn Schusterman Family Foundation,2021,UNIVERSITY OF OKLAHOMA FOUNDATION INC,65500,BSW SCHOLARSHIPS,TIMBERDELL ROAD NORMAN,OK,char500:731312965_2021
Charles and Lynn Schusterman Family Foundation,2021,UNIVERSITY OF OKLAHOMA FOUNDATION INC,250000,,TIMBERDELL ROAD NORMAN,OK,char500:731312965_2021
Charles and Lynn Schusterman Family Foundation,2021,UNIVERSITY OF OKLAHOMA FOUNDATION INC,120000,TEAM FOR CHILDREN AT RISK,TIMBERDELL ROAD NORMAN,OK,char500:731312965_2021
Charles and Lynn Schusterman Family Foundation,2021,UNIVERSITY OF OKLAHOMA FOUNDATION INC,91000,YOUTH PHILANTHROPY INITIATIVE,TIMBERDELL ROAD NORMAN,OK,char500:731312965_2021
Charles and Lynn Schusterman Family Foundation,2021,UNIVERSITY OF OREGON,100000,RAPID-EC PROJECT,OF OREGON EUGENE,OR,char500:731312965_2021
Charles and Lynn Schusterman Family Foundation,2021,UNIVERSITY OF TULSA,15000,ALBERT SCHWEITZER FELLOWSHIP PROGRAM,TUCKER DR TULSA,OK,char500:731312965_2021
Charles and Lynn Schusterman Family Foundation,2021,UNIVERSITY OF TULSA,69000,GENERAL OPERATING SUPPORT,TUCKER DR TULSA,OK,char500:731312965_2021
Charles and Lynn Schusterman Family Foundation,2021,UP WITH TREES INC,500,GENERAL OPERATING SUPPORT,BOSTON AVE TULSA,OK,char500:731312965_2021
Charles and Lynn Schusterman Family Foundation,2021,UPSTART BAY AREA,500000,GENERAL OPERATIONS AND DEIJ SUPPORT,RD FLOOR OAKLAND,CA,char500:731312965_2021
Charles and Lynn Schusterman Family Foundation,2021,UPSTART BAY AREA,3960,GRANTEE CARE AND SUPPORT FUND,RD FLOOR OAKLAND,CA,char500:731312965_2021
Charles and Lynn Schusterman Family Foundation,2021,URBAN CODERS GUILD INC,15000,PROGRAM SUPPORT,ST NORTH TULSA,OK,char500:731312965_2021
Charles and Lynn Schusterman Family Foundation,2021,URBAN STRATEGIES INC.,60000,TULSA CHOICE NEIGHBORHOODS INITIATIVE PEOPLE STRATEGY,STREET SAINT LOUIS,MO,char500:731312965_2021
Charles and Lynn Schusterman Family Foundation,2021,URBAN TEACHERS,517000,EMERGENCY FINANCIAL ASSISTANCE FOR INCOMING RESIDENTS,BALTIMORE,MD,char500:731312965_2021
Charles and Lynn Schusterman Family Foundation,2021,URBAN TEACHERS,750000,GENERAL OPERATING SUPPORT,BALTIMORE,MD,char500:731312965_2021
Charles and Lynn Schusterman Family Foundation,2021,URGE UNITE FOR REPRODUCTIVE AND GENDER EQUITY,850000,GENERAL OPERATING SUPPORT,WASHINGTON,DC,char500:731312965_2021
Charles and Lynn Schusterman Family Foundation,2021,VENTURE FOR AMERICA INC,25000,IMPLEMENT VFA FELLOWS PROGRAM IN TULSA OK,STREET NEW YORK,NY,char500:731312965_2021
Charles and Lynn Schusterman Family Foundation,2021,VILLAGE OF WISDOM INC,250000,GENERAL OPERATING SUPPORT,UMSTEAD ST DURHAM,NC,char500:731312965_2021
Charles and Lynn Schusterman Family Foundation,2021,VOTE MAMA FOUNDATION INC,100000,GENERAL OPERATING SUPPORT,AVON PL AMITYVILLE,NY,char500:731312965_2021
Charles and Lynn Schusterman Family Foundation,2021,WASHINGTON INSTITUTE FOR NEAR EAST POLICY,15360,GENERAL OPERATING SUPPORT,WASHINGTON,DC,char500:731312965_2021
Charles and Lynn Schusterman Family Foundation,2021,WASHINGTON INSTITUTE FOR NEAR EAST POLICY,200000,RESEARCH ASSISTANT PROGRAM AND THE IDF FELLOWS PROGRAM,WASHINGTON,DC,char500:731312965_2021
Charles and Lynn Schusterman Family Foundation,2021,"WESTERN STATES CENTER, INC.",100000,MULTI-SECTOR LEADERSHIP DEVELOPMENT TO STRENGTHEN CIVIL SOCIETY’S COMMITMENT TO INCLUSIVE DEMOCRACY,PORTLAND,OR,char500:731312965_2021
Charles and Lynn Schusterman Family Foundation,2021,XAVIER UNIVERSITY OF LOUISIANA,230000,SCHOLARSHIPS FOR ASPIRING BLACK EDUCATORS,DR NEW ORLEANS,LA,char500:731312965_2021
Charles and Lynn Schusterman Family Foundation,2021,YALE UNIVERSITY PO BOX 2038,850000,GENERAL OPERATING SUPPORT,NEW HAVEN,CT,char500:731312965_2021
Charles and Lynn Schusterman Family Foundation,2021,YMCA OF GREATER TULSA,250000,WESTSIDE YMCA LET'S GO CAPITAL CAMPAIGN,TULSA,OK,char500:731312965_2021
Charles and Lynn Schusterman Family Foundation,2021,YOUNG JUDAEA CAMP TEL YEHUDAH INC,75000,EMERGENCY SUPPORT,FLOOR NEW YORK,NY,char500:731312965_2021
Charles and Lynn Schusterman Family Foundation,2021,YOUNG JUDAEA CAMP TEL YEHUDAH INC,100000,JEWISH COMMUNITY RESPONSE AND IMPACT FUND ALIGNED GRANT PROGRAM,FLOOR NEW YORK,NY,char500:731312965_2021
Charles and Lynn Schusterman Family Foundation,2021,YOUNG PEOPLE OF THE NEXT GENERATION INCORPORATED,5000,GENERAL OPERATING SUPPORT,TH PL TULSA,OK,char500:731312965_2021
Charles and Lynn Schusterman Family Foundation,2021,YOUTH GUIDANCE,500000,YOUTH GUIDANCE BECOMING A MAN (BAM) AND WORKING ON WOMANHOOD (WOW) PROGRAMS: SCALING SUPPORT FOR EXPANSION INTO THREE NEW SCHOOL DISTRICTS,CHICAGO,IL,char500:731312965_2021
Charles and Lynn Schusterman Family Foundation,2021,YOUTH SERVICES OF TULSA INC,35000,GENERAL OPERATING SUPPORT,MADISON AVE TULSA,OK,char500:731312965_2021
Charles and Lynn Schusterman Family Foundation,2021,YOUTH SERVICES OF TULSA INC,75000,LGBTQ YOUTH PROGRAMMING SUPPORT AND OUTREACH,MADISON AVE TULSA,OK,char500:731312965_2021
Charles and Lynn Schusterman Family Foundation,2021,"YOUTH, RIGHTS & JUSTICE",20000,GENERAL OPERATING SUPPORT,SANDY BLVD PORTLAND,OR,char500:731312965_2021
Charles and Lynn Schusterman Family Foundation,2021,YWCA USA,5180,GENERAL OPERATING SUPPORT,STREET NW WASHINGTON,DC,char500:731312965_2021
Charles and Lynn Schusterman Family Foundation,2021,ZEARN INC,200000,GENERAL OPERATING SUPPORT,NEW YORK,NY,char500:731312965_2021
Charles and Lynn Schusterman Family Foundation,2021,ZEARN INC,491000,SPANISH TRANSLATION,NEW YORK,NY,char500:731312965_2021
